"","age","d13C","d18O","site","st","st.sd","d18sw","d18sw.se","d18sw.low","d18sw.high"
"1",2.797,-6.6085,-8.569,"Lantian",16.3312202676154,2.76874523083286,-9.13981193905961,0.588559661873345,-9.72837160093295,-8.55125227718626
"2",2.8125,-4.797,-8.8725,"Lantian",16.4383935899623,2.56201448686646,-9.43391794578009,0.549073328591195,-9.98299127437128,-8.8848446171889
"3",2.86875,-5.93,-8.701,"Lantian",16.8937764679556,2.03913585690514,-9.16903558744539,0.460832490856951,-9.62986807830234,-8.70820309658844
"4",2.9,-6.8695,-8.4755,"Lantian",17.1888137636364,1.87760926734685,-8.88680132551198,0.440055113415929,-9.32685643892791,-8.44674621209605
"5",2.93125,-6.9255,-8.6345,"Lantian",17.5117952939188,1.79059662822499,-8.98235880447727,0.419326073403748,-9.40168487788102,-8.56303273107352
"6",2.9625,-6.9685,-8.6245,"Lantian",17.8610716906838,1.76481095017794,-8.90454464274809,0.416070444055881,-9.32061508680397,-8.48847419869221
"7",2.99375,-7.474,-8.8955,"Lantian",18.2349935858123,1.78568718531992,-9.10299453133428,0.416997096422506,-9.51999162775678,-8.68599743491177
"8",3.025,-7.08,-9.015,"Lantian",18.6319116111854,1.83728230502013,-9.15101575182355,0.422499013415693,-9.57351476523924,-8.72851673840786
"9",3.05625,-8.1345,-8.9295,"Lantian",19.0503301177599,1.9015755471824,-8.98827733497238,0.433501559598625,-9.421778894571,-8.55477577537375
"10",3.0875,-7.6125,-9.083,"Lantian",19.4916699524856,1.96833258010284,-9.06291304989252,0.440430280681849,-9.50334333057437,-8.62248276921067
"11",3.11875,-7.8765,-8.8275,"Lantian",19.9509247445034,2.02507985485434,-8.72397022166015,0.453355493582037,-9.17732571524219,-8.27061472807812
"12",3.15,-7.893,-8.995,"Lantian",20.4143538595911,2.03419511640501,-8.79878987244066,0.449696122445459,-9.24848599488612,-8.3490937499952
"13",3.18125,-7.874,-8.4445,"Lantian",20.8694399295216,2.00798938680463,-8.16952929843219,0.450165266864293,-8.61969456529649,-7.7193640315679
"14",3.2125,-7.836,-8.416,"Lantian",21.3088385036333,1.97372236461098,-8.05951456823399,0.448935243187042,-8.50844981142104,-7.61057932504695
"15",3.24375,-8.4585,-8.8935,"Lantian",21.7252051312646,1.95978208428534,-8.45502634843347,0.436840599052286,-8.89186694748576,-8.01818574938119
"16",3.2866668,-8.2705,-9.065,"Lantian",22.2460232356791,2.00894088434816,-8.53059622155403,0.44516145623193,-8.97575767778596,-8.0854347653221
"17",3.3325003,-8.248,-8.7095,"Lantian",22.7174900226595,2.14772021955054,-8.09091960144675,0.465002571975816,-8.55592217342256,-7.62591702947093
"18",3.3783338,-8.6635,-8.4195,"Lantian",23.0787444594622,2.31382060810654,-7.7379185604309,0.484207673166937,-8.22212623359783,-7.25371088726396
"19",3.4241673,-8.1915,-9.0515,"Lantian",23.3066148234858,2.41667989631752,-8.33138246742863,0.50364518785897,-8.8350276552876,-7.82773727956966
"20",3.4700008,-8.1555,-9.282,"Lantian",23.377929392129,2.37490653262798,-8.54554593477208,0.501480312789997,-9.04702624756208,-8.04406562198209
"21",3.5616678,-8.0995,-8.8495,"Lantian",23.4159691601796,2.04529936478957,-8.10546598938634,0.449248825113249,-8.55471481449959,-7.65621716427309
"22",3.5876924,-9.4915,-9.9435,"Lantian",23.4173864122007,2.17496342178172,-9.19904068392922,0.469168502732198,-9.66820918666142,-8.72987218119702
"23",3.6261544,-9.719,-9.7025,"Lantian",23.4555557368081,2.43489930014664,-8.95098900902861,0.506445855905033,-9.45743486493365,-8.44454315312358
"24",3.6646164,-10.05,-9.304,"Lantian",23.2627158629095,2.66703057917211,-8.58356984770358,0.545340986432057,-9.12891083413564,-8.03822886127152
"25",3.68382716,-9.7175,-10.068,"Lantian",22.9840612394159,2.73177180754876,-9.40142529251468,0.550671472779048,-9.95209676529372,-8.85075381973563
"26",3.70296296,-9.3925,-9.7495,"Lantian",22.4151188984306,2.66082111672516,-9.18738630933185,0.548849361990871,-9.73623567132272,-8.63853694734098
"27",3.72209876,-9.9135,-9.8285,"Lantian",21.5403899306208,2.46079030135651,-9.43088165610593,0.51471381795367,-9.9455954740596,-8.91616783815226
"28",3.81777776,-9.795,-9.9055,"Lantian",18.2752724912604,2.40208842528941,-10.1096866477086,0.518917916399527,-10.6286045641081,-9.59076873130909
"29",3.85604936,-9.4505,-9.729,"Lantian",17.6768194160145,2.53299413529024,-10.0540153849479,0.541176610492564,-10.5951919954405,-9.51283877445534
"30",3.89432096,-9.786,-10.0015,"Lantian",17.1500068618823,2.64768493079423,-10.4226666843993,0.557132546514321,-10.9797992309136,-9.86553413788499
"31",3.93259256,-9.4585,-9.94,"Lantian",16.7464180945253,2.71681738015831,-10.4244419112571,0.575460179006713,-10.9999020902638,-9.84898173225038
"32",3.95172836,-9.683,-10.4095,"Lantian",16.6120029785311,2.7207970753875,-10.9329929758342,0.576216068231226,-11.5092090440654,-10.3567769076029
"33",3.97086416,-8.8785,-9.888,"Lantian",16.5223228469806,2.70530720800524,-10.4207221647168,0.570844620859467,-10.9915667855762,-9.84987754385729
"34",4.0007145,-9.2255,-10.1235,"Lantian",16.4651852177128,2.64913670990533,-10.6809514019687,0.565163611640143,-11.2461150136089,-10.1157877903286
"35",4.0221435,-9.301,-10.1145,"Lantian",16.4812592936223,2.5907739824573,-10.6618153944836,0.549975794050657,-11.2117911885342,-10.1118396004329
"36",4.032858,-9.278,-10.025,"Lantian",16.5057831258434,2.55772802227096,-10.5681821239426,0.546299106862556,-11.1144812308051,-10.02188301708
"37",4.0435725,-9.314,-9.9795,"Lantian",16.5406497962044,2.52296842995096,-10.514025417421,0.534924813991762,-11.0489502314127,-9.97910060342921
"38",4.0650015,-9.2685,-10.254,"Lantian",16.6394665772336,2.45094660278414,-10.7712678778589,0.528429776966216,-11.2996976548251,-10.2428381008927
"39",4.10023259999999,-9.7465,-10.5385,"Lantian",16.8773540102232,2.33714998466017,-11.0142144658632,0.50782999750128,-11.5220444633645,-10.506384468362
"40",4.16767459999999,-9.4145,-10.142,"Lantian",17.537749338321,2.19911044330168,-10.484878847356,0.484207798353267,-10.9690866457092,-10.0006710490027
"41",4.23511659999999,-9.212,-10.124,"Lantian",18.3655124581627,2.20947814730321,-10.3145369004271,0.481449458307007,-10.7959863587341,-9.83308744212014
"42",4.30255859999999,-9.58,-9.811,"Lantian",19.2393738221231,2.28996611151569,-9.84041555754219,0.487509763566975,-10.3279253211092,-9.35290579397521
"43",4.37,-9.454,-10.3345,"Lantian",20.0634928149387,2.29232717936698,-10.2099476762116,0.495801523094362,-10.7057491993059,-9.7141461531172
"44",4.4149275,-9.9325,-10.118,"Lantian",20.7771086411473,2.24404048729707,-9.8566145414985,0.478566579755922,-10.3351811212544,-9.37804796174258
"45",4.459855,-9.4215,-10.7425,"Lantian",21.5852301757607,2.20851866855414,-10.3347461171402,0.470287810114262,-10.8050339272545,-9.86445830702596
"46",4.5047825,-9.357,-10.791,"Lantian",22.3312768773767,2.18408823415095,-10.2428815707628,0.472662494604901,-10.7155440653677,-9.77021907615794
"47",4.54971,-9.447,-10.5405,"Lantian",23.1061489079283,2.13428395414851,-9.85795873391802,0.461818384684947,-10.319777118603,-9.39614034923307
"48",4.5946375,-9.049,-9.011,"Lantian",24.0114647678288,2.04643110759162,-8.15976427782313,0.448260172256479,-8.60802445007961,-7.71150410556665
"49",4.639565,-8.515,-8.189,"Lantian",25.006692848208,1.97390643348052,-7.15349845158082,0.431173076365896,-7.58467152794672,-6.72232537521493
"50",4.68744185999999,-9.407,-9.5305,"Lantian",26.0823666673375,1.96256628864148,-8.309166570962,0.433105278745866,-8.74227184970786,-7.87606129221613
"51",4.76186045999999,-8.9395,-8.3705,"Lantian",27.5767998154156,2.10308066676578,-6.88626497163995,0.451359203531271,-7.33762417517122,-6.43490576810867
"52",4.83627905999999,-9.3465,-10.202,"Lantian",28.556595690961,2.29746808246693,-8.54583704835209,0.475486740615478,-9.02132378896757,-8.07035030773661
"53",4.91069765999999,-9.67,-10.186,"Lantian",28.809396261514,2.34330192548546,-8.4789143643026,0.47852098440042,-8.95743534870302,-8.00039337990218
"54",4.98511625999999,-9.444,-9.3825,"Lantian",28.6920394427707,2.31488852881987,-7.69821642060743,0.480240129938892,-8.17845655054632,-7.21797629066853
"55",5.03428568,-9.629,-10.121,"Lantian",28.3926127025924,2.30073921334991,-8.50013615755492,0.480606670288351,-8.98074282784327,-8.01952948726657
"56",5.07714278,-9.585,-10.1695,"Lantian",27.9078608844952,2.24613124127083,-8.62635116388398,0.470223572569527,-9.0965747364535,-8.15612759131445
"57",5.12,-8.733,-7.8525,"Lantian",27.0402902147524,2.13733989013258,-6.45678488698906,0.463360751421285,-6.92014563841035,-5.99342413556778
"58",5.183,-8.9115,-8.958,"Lantian",25.3291367363778,2.04448181741253,-7.86992154281501,0.444166826224263,-8.31408836903928,-7.42575471659075
"59",5.24682999999999,-9.2405,-9.453,"Lantian",23.5068629770689,2.13732951133539,-8.689093848512,0.460635578294369,-9.14972942680637,-8.22845827021763
"60",5.31024499999999,-9.8155,-10.1605,"Lantian",21.9208881577882,2.24350515761233,-9.69968922780874,0.477067601084945,-10.1767568288937,-9.2226216267238
"61",5.37365999999999,-9.7675,-10.293,"Lantian",20.1256214397851,2.28349622981631,-10.1560692981078,0.4955157097407,-10.6515850078485,-9.66055358836705
"62",5.44822539999999,-9.564,-10.2725,"Lantian",17.1037605174509,2.5169465970749,-10.7005049351926,0.536750846849728,-11.2372557820423,-10.1637540883429
"63",5.52403139999999,-9.337,-10.2385,"Lantian",14.1199294171307,3.07177017449821,-11.2400397535511,0.643592418971141,-11.8836321725223,-10.59644733458
"64",5.59983739999999,-9.114,-10.1155,"Lantian",12.3958834217589,3.433851515618,-11.4597615773,0.722226931160648,-12.1819885084607,-10.7375346461394
"65",5.67564339999999,-8.761,-8.9575,"Lantian",12.9810260239215,3.06885733348177,-10.1749979789398,0.641199226120876,-10.8161972050606,-9.53379875281889
"66",5.92946663999999,-8.8945,-9.236,"Lantian",17.8008489243041,2.25934417363622,-9.5249365684967,0.491323016279307,-10.016259584776,-9.03361355221739
"67",6.02379993999998,-9.681,-9.8245,"Lantian",18.1325515782977,2.00410795313153,-10.0586313253485,0.450733390362664,-10.5093647157111,-9.60789793498579
"68",6.11813323999998,-9.0875,-9.8655,"Lantian",18.24422167461,1.94928672786126,-10.0704633122876,0.439811924332704,-10.5102752366203,-9.63065138795489
"69",6.163,-8.64025,-8.856,"Lantian",18.2521326514432,2.00694640505006,-9.05671666334179,0.448098696772763,-9.50481536011455,-8.60861796656903
"70",6.227,-7.7895,-8.417,"Lantian",18.4316253420561,1.96357623556133,-8.58796289127752,0.445454750372284,-9.0334176416498,-8.14250814090523
"71",6.259,-7.7085,-7.2115,"Lantian",18.7663979865673,1.97930334746685,-7.31408201657673,0.448129728396107,-7.76221174497284,-6.86595228818063
"72",3.548125,-3.82696908771855,-8.46934535307195,"Shilou",23.4606443659723,2.01268593776112,-7.71672090803678,0.442095791769165,-8.15881669980595,-7.27462511626762
"73",3.665,-4.51886784393104,-8.89722568896165,"Shilou",23.2585926641572,2.66876006831284,-8.18316491493764,0.550279920479232,-8.73344483541688,-7.63288499445841
"74",3.7638095,-4.58375947060794,-8.449023663952,"Shilou",19.4686853036347,2.21907841628948,-8.42930762487531,0.487092766250914,-8.91640039112622,-7.9422148586244
"75",3.915714,-5.25545112120626,-8.84437482973257,"Shilou",16.9043174623233,2.69520639988395,-9.32079449667014,0.573772889269005,-9.89456738593914,-8.74702160740113
"76",4.164,-6.4567774818669,-8.84746115260199,"Shilou",17.4963583943282,2.20276653997902,-9.20105206925685,0.488758517646713,-9.68981058690356,-8.71229355161013
"77",4.19581229214285,-6.10015172270013,-8.94911084622746,"Shilou",17.8697203154057,2.18680787063587,-9.23572795227552,0.477657147018666,-9.71338509929419,-8.75807080525686
"78",4.51234358952381,-5.57346001112587,-8.63008793895813,"Shilou",22.4752822492924,2.18177881342276,-8.0527680520969,0.473966392410025,-8.52673444450692,-7.57880165968687
"79",4.6966,-7.0184501629856,-9.58693246180648,"Shilou",26.2826066692696,1.97031882770077,-8.3290246606644,0.424947502736784,-8.75397216340118,-7.90407715792761
"80",4.76257971008695,-5.74865802009676,-9.14221597225947,"Shilou",27.5892781107957,2.10506137876196,-7.64636360720328,0.450260024568523,-8.0966236317718,-7.19610358263476
"81",4.92691884034782,-5.13747906919088,-9.31691101589927,"Shilou",28.8133531336438,2.3365550652205,-7.61206271149949,0.475678949160826,-8.08774166066032,-7.13638376233867
"82",4.98169855043478,-6.66394936577921,-6.67555897269497,"Shilou",28.7056685784171,2.3156554039521,-4.98316027934279,0.475275734550218,-5.45843601389301,-4.50788454479257
"83",5.05268589715384,-5.65219605801899,-9.02570688927347,"Shilou",28.226571176445,2.28641179327416,-7.41998713871084,0.472545846866673,-7.89253298557751,-6.94744129184417
"84",5.32490833357142,-6.62770610564707,-8.60263859098504,"Shilou",21.6087673425424,2.25790504118528,-8.18613149722563,0.484259827121842,-8.67039132434747,-7.70187167010378
"85",5.47011681533333,-6.9457413889261,-9.79487346894162,"Shilou",16.1816669409703,2.65916804469919,-10.4003379702017,0.555382189722708,-10.9557201599244,-9.84495578047895
"86",5.658324064,-5.42148443517022,-8.79989103723402,"Shilou",12.6551173546434,3.2028781812942,-10.0847569860442,0.671587149084803,-10.756344135129,-9.41316983695939
"87",5.69451776566666,-5.56279204255841,-9.24034568644147,"Shilou",13.427764686526,2.91770247340238,-10.3853685245187,0.6128417420348,-10.9982102665535,-9.77252678248393
"88",5.80974299721621,-7.20844139036828,-9.80085103578211,"Shilou",16.8492067371081,2.67098318487648,-10.288590440435,0.574506784246439,-10.8630972246815,-9.71408365618857
"89",5.90385601927027,-6.24691860242453,-9.46726951649934,"Shilou",17.8956882377985,2.47170392882301,-9.74377249707797,0.531373178557312,-10.2751456756353,-9.21239931852066
"90",5.91954152294594,-6.96462226375543,-9.32030959447122,"Shilou",17.8365712530497,2.33186498666633,-9.6021850878444,0.505408821081362,-10.1075939089258,-9.09677626676304
"91",5.92738427478378,-6.42322293472744,-9.2369400553255,"Shilou",17.8076656599314,2.27324674449847,-9.54296763971243,0.492458531165902,-10.0354261708783,-9.05050910854652
"92",5.96659803397297,-6.58136979756043,-9.87401484281041,"Shilou",17.8413667696394,2.13005250333173,-10.1612116187198,0.470157512222703,-10.6313691309425,-9.69105410649708
"93",5.97444078581081,-6.18246884747608,-9.08829721384594,"Shilou",17.8965219447972,2.1211185905982,-9.36925833746687,0.474233272854048,-9.84349161032092,-8.89502506461282
"94",6.00581179316216,-7.79158774004376,-9.58018089170195,"Shilou",18.0666491346798,2.05304130661831,-9.8133535520486,0.460342564850665,-10.2736961168993,-9.35301098719793
"95",6.019332911375,-7.08611663047281,-9.49307864885944,"Shilou",18.1180828412914,2.01616976578001,-9.72196927593091,0.45220516581326,-10.1741744417442,-9.26976411011765
"96",6.042046376875,-6.3000586386911,-9.35099618456097,"Shilou",18.1800535996061,1.95947922306214,-9.57461418340925,0.446765465851819,-10.0213796492611,-9.12784871755743
"97",6.06475984237499,-6.20337130209638,-9.16312744111537,"Shilou",18.21713901868,1.92349583750998,-9.38062018934385,0.438880038130053,-9.81950022747391,-8.9417401512138
"98",6.098830040625,-5.87216914213382,-9.27866558765324,"Shilou",18.2406279019098,1.92462980684862,-9.48809003131358,0.440138155335569,-9.92822818664915,-9.04795187597801
"99",6.149935338,-5.68609419022703,-9.3243091971583,"Shilou",18.247888119896,1.99638623038323,-9.54080106893615,0.451264437720964,-9.99206550665711,-9.08953663121519
"100",6.1726488035,-5.93131112936035,-9.14859115156293,"Shilou",18.2299139406558,2.01028001584246,-9.36590256108438,0.448264166514107,-9.81416672759848,-8.91763839457027
"101",6.18400553625,-5.18723701652724,-9.09929587859994,"Shilou",18.2055824650834,2.01398692897948,-9.31218968207855,0.453285822207372,-9.76547550428592,-8.85890385987117
"102",6.201040635375,-5.5808035529622,-9.0900694231414,"Shilou",18.2496839488901,2.00170501526048,-9.29824297934658,0.449705574687385,-9.74794855403396,-8.84853740465919
"103",6.2407892,-5.89082533244122,-8.92997467389525,"Shilou",18.5666759736661,1.95590583352306,-9.07875979539834,0.443866022505328,-9.52262581790366,-8.63489377289301
"104",6.2635026655,-5.964355185992,-9.20505193450859,"Shilou",18.8173778366841,1.99221871152674,-9.31154776496143,0.449066852223102,-9.76061461718453,-8.86248091273833
"105",6.286216131,-6.06001742471219,-9.16703678341664,"Shilou",19.068017051759,2.09984857268514,-9.22265102866878,0.46823497552915,-9.69088600419793,-8.75441605313963
"106",6.291894497375,-6.28498835879914,-9.29948031199886,"Shilou",19.1259182233275,2.13612433868463,-9.34853756826064,0.471091674250247,-9.81962924251088,-8.87744589401039
"107",6.32028632925,-5.17425293106435,-8.72958999314441,"Shilou",19.3552133315737,2.34212573821442,-8.74386017861956,0.497798530284807,-9.24165870890437,-8.24606164833475
"108",6.394105092125,-4.58208789959677,-9.0246078357017,"Shilou",18.858985672055,2.51734169089391,-9.12356520807311,0.530928524088924,-9.65449373216204,-8.59263668398419
"109",6.428175290375,-5.2032133589799,-9.01748502955746,"Shilou",17.8211398767336,2.38358132922699,-9.31868424587553,0.515762823712424,-9.83444706958796,-8.80292142216311
"110",6.43385365675,-5.07534470550869,-9.10433929897446,"Shilou",17.6327382961873,2.36507640024837,-9.42213945732106,0.5096331648168,-9.93177262213786,-8.91250629250425
"111",6.467923855,-5.00292468640743,-9.15842807780287,"Shilou",16.6124671302868,2.3039901590026,-9.67569610496325,0.502395885051511,-10.1780919900148,-9.17330021991174
"112",6.50199405325,-5.05106364831424,-9.01559247308092,"Shilou",16.0809755829809,2.26461787393165,-9.63354446132863,0.497806965785448,-10.1313514271141,-9.13573749554318
"113",6.519029152375,-5.11307660162588,-8.8182361984372,"Shilou",15.733238846027,2.21290470522716,-9.50098693735983,0.486874015234178,-9.98786095259401,-9.01411292212565
"114",6.59284791525,-5.48254996622596,-8.83131473423182,"Shilou",13.9332764309935,2.30786497387476,-9.86071945200567,0.507718817860378,-10.3684382698661,-9.35300063414529
"115",6.609883014375,-5.22896741819817,-9.14648944333219,"Shilou",14.0553137373894,2.29683868099777,-10.1615197098584,0.518817424801037,-10.6803371346594,-9.64270228505736
"116",6.63827484625,-5.51862062136452,-8.93684562444685,"Shilou",14.6833223258914,2.25545072364538,-9.82085204529709,0.499046516345487,-10.3198985616426,-9.3218055289516
"117",6.6624842105,-5.25427973592715,-8.8949114256358,"Shilou",14.9407795590179,2.27660494715481,-9.72396935274243,0.505128964837297,-10.2290983175797,-9.21884038790513
"118",6.70746842075,-5.33633962016174,-9.11517539797983,"Shilou",15.3724870873513,2.28752817696892,-9.87150127515981,0.501156146632744,-10.3726574217926,-9.37034512852707
"119",6.72032105225,-6.04111407132794,-9.29896641012485,"Shilou",15.5599412282065,2.28253359383965,-10.0244534749053,0.511817093405687,-10.536270568311,-9.51263638149963
"120",6.744590526,-5.72553743682056,-9.19942861541883,"Shilou",15.9452672036611,2.26842152579468,-9.84559336077181,0.498917665513529,-10.3445110262853,-9.34667569525828
"121",6.76838140333333,-5.65332353849083,-9.13472356529885,"Shilou",16.3191609369445,2.24825053757469,-9.71104026647628,0.49046746307744,-10.2015077295537,-9.22057280339884
"122",6.77432912266666,-5.81334137479685,-9.39184095022079,"Shilou",16.4060569196881,2.24174104132541,-9.95661375748071,0.487747154965877,-10.4443609124466,-9.46886660251483
"123",6.84125142836363,-6.09519161487529,-9.1783431099158,"Shilou",17.0392281266617,2.11102685715462,-9.61389904951883,0.47329143882574,-10.0871904883446,-9.14060761069309
"124",6.86412924341176,-6.60353598708114,-8.90467388147415,"Shilou",17.2403400014256,2.07040055828229,-9.30293837456179,0.462920742504637,-9.76585911706642,-8.84001763205715
"125",6.91105394929411,-6.92607339324665,-9.22244157280015,"Shilou",17.6477000860815,2.07173140360961,-9.54612538456741,0.469096491683157,-10.0152218762506,-9.07702889288425
"126",6.92446100811764,-6.98875140318175,-9.31019129894418,"Shilou",17.7412421399301,2.10641590704923,-9.61696153263827,0.468608777009574,-10.0855703096478,-9.1483527556287
"127",6.9512751257647,-6.14970822201959,-9.1545993335631,"Shilou",17.8710598073792,2.24209240115941,-9.43458409871458,0.483712933981846,-9.91829703269642,-8.95087116473273
"128",6.95797865517647,-6.23352613458858,-9.38166964847505,"Shilou",17.8930293629306,2.2920832463899,-9.65434644394471,0.499502845497466,-10.1538492894422,-9.15484359844724
"129",7.00490336105882,-6.01713713754446,-8.86502571940265,"Shilou",17.9635798789445,2.84186509379471,-9.12493067650653,0.587146396279802,-9.71207707278633,-8.53778428022673
"130",7.03171747870588,-6.0519229232355,-9.13460120906195,"Shilou",17.9551739152833,3.30982703120484,-9.40431086533033,0.668631355836789,-10.0729422211671,-8.73567950949355
"131",2.8358777,-5.11794447868717,-7.59938871589289,"Shilou",16.6153914727742,2.30431929785595,-8.11100999657894,0.506506227320969,-8.61751622389991,-7.60450376925797
"132",2.8979332,-4.18194881549614,-8.45591692207141,"Shilou",17.1684196379219,1.88584837484335,-8.86824033484296,0.437832587041691,-9.30607292188466,-8.43040774780127
"133",2.9475776,-2.61437098951442,-8.7724061256511,"Shilou",17.6911105501018,1.77036906988408,-9.08482072632966,0.419315994379838,-9.5041367207095,-8.66550473194982
"134",2.9599887,-3.96375209552482,-9.11482869257006,"Shilou",17.8320706365942,1.76495439924983,-9.4031149815967,0.414560833134851,-9.81767581473156,-8.98855414846185
"135",3.05,-3.18072168793362,-9.18081302538626,"Shilou",18.9649140381389,1.88843729031501,-9.2551608365094,0.431060408505528,-9.68622124501493,-8.82410042800387
"136",3.0775904,-5.28380432608136,-9.02588597088803,"Shilou",19.3490424712444,1.94719751200727,-9.02982830452834,0.441515610651496,-9.47134391517984,-8.58831269387685
"137",3.0913856,-4.85044490773738,-9.00152123045294,"Shilou",19.5478417098048,1.97652629103425,-8.9699163518989,0.446264427949009,-9.41618077984791,-8.5236519239499
"138",3.118976,-5.3207182555319,-9.03925232084552,"Shilou",19.9542887007155,2.02532418195045,-8.92724179917128,0.4510178720539,-9.37825967122518,-8.47622392711738
"139",3.1258736,-6.07315561200313,-9.26680481279261,"Shilou",20.056918227922,2.03142509700767,-9.13715940136089,0.454085919860604,-9.59124532122149,-8.68307348150028
"140",3.1672592,-6.30096006703692,-8.6580108445851,"Shilou",20.6671966552507,2.02246354644996,-8.42297584170471,0.450449393572907,-8.87342523527762,-7.9725264481318
"141",3.170708,-5.08634008703431,-9.04519024969354,"Shilou",20.7173068474296,2.01919171982092,-8.79182206069748,0.447607615726697,-9.23942967642418,-8.34421444497078
"142",3.2011935,-4.84083717267491,-9.03171571884611,"Shilou",21.1521347518414,1.98518960932411,-8.69853622690414,0.450354398108538,-9.14889062501268,-8.2481818287956
"143",3.210987,-4.4590561215084,-8.80383868422918,"Shilou",21.288036019035,1.97512627218113,-8.4508275104294,0.43696290596656,-8.88779041639596,-8.01386460446284
"144",3.2599545,-4.53996336413971,-9.55815998960871,"Shilou",21.9296139398398,1.96792821613822,-9.08185007212227,0.438946529723799,-9.52079660184607,-8.64290354239848
"145",3.2795415,-5.13463159747988,-9.2612034467133,"Shilou",22.1643254011002,1.99463560249133,-8.74270851619699,0.441028947836659,-9.18373746403364,-8.30167956836033
"146",3.367683,-6.28907681577545,-9.37623579302008,"Shilou",23.0058435884746,2.27748586502953,-8.70589330475239,0.47937082205478,-9.18526412680717,-8.22652248269761
"147",3.426444,-6.0584911742762,-9.21965597492549,"Shilou",23.3140437880293,2.41858313399879,-8.49410330358484,0.505580336871787,-8.99968364045663,-7.98852296671305
"148",3.4754115,-5.23273162917035,-8.82587152548104,"Shilou",23.374936843336,2.35780201071783,-8.08081188596606,0.494606249662508,-8.57541813562857,-7.58620563630355
"149",3.526875,-5.9234772131352,-8.6333696418757,"Shilou",23.3262272840021,2.09236535455477,-7.90104573533252,0.456144833850233,-8.35719056918275,-7.44490090148228
"150",2.8024,-3.10803525787439,-8.51533329874756,"Jiaxian",16.3675209629137,2.69326857055441,-9.08323984727148,0.574421563267987,-9.65766141053946,-8.50881828400349
"151",2.8267,-2.87361526709031,-8.5785741215851,"Jiaxian",16.5437763838564,2.39812864701483,-9.11134783401215,0.510783371831509,-9.62213120584366,-8.60056446218064
"152",2.8834,-3.03622711865204,-9.35265399803641,"Jiaxian",17.0285057039166,1.95330431449008,-9.79518208435497,0.450055440297991,-10.245237524653,-9.34512664405698
"153",2.9104,-1.78694457631012,-9.15230734189792,"Jiaxian",17.2932809423239,1.8410200095679,-9.54013988261065,0.427562492729812,-9.96770237534046,-9.11257738988084
"154",3.0292,-4.08253730869316,-9.46052077156955,"Jiaxian",18.6869209718147,1.84567593752498,-9.59753288114521,0.428774238350984,-10.0263071194962,-9.16875864279422
"155",3.075,-1.9143771167475,-9.1157559884949,"Jiaxian",19.3121794934287,1.94163589081273,-9.12741777909947,0.438041396247178,-9.56545917534665,-8.6893763828523
"156",3.10222,-1.84040337603446,-9.07511337720962,"Jiaxian",19.7049191479772,1.99921547408191,-9.0139484448882,0.44246371811481,-9.45641216300301,-8.57148472677339
"157",3.15231,-2.73031058329589,-9.21917761095607,"Jiaxian",20.4483693761504,2.03316746137706,-9.0132496559094,0.458117305833784,-9.47136696174318,-8.55513235007561
"158",3.19885,-2.14051210571066,-8.6926918241377,"Jiaxian",21.1193095393049,1.98778844651696,-8.36353855456965,0.443595750921345,-8.80713430549099,-7.9199428036483
"159",3.3425,-2.3586493443865,-9.15269564041626,"Jiaxian",22.8065086956215,2.18464644643324,-8.52298036737175,0.475351449205386,-8.99833181657713,-8.04762891816636
"160",3.38625,-4.156237693743,-9.22875402316701,"Jiaxian",23.1282778718241,2.33864789164062,-8.53809598421993,0.486607530163554,-9.02470351438348,-8.05148845405637
"161",3.43625,-3.18785455547274,-8.39101984400078,"Jiaxian",23.3415579399106,2.42241866948138,-7.6648151059953,0.497920664673853,-8.16273577066916,-7.16689444132145
"162",3.44875,-3.15785249032806,-8.87343225950969,"Jiaxian",23.365805783751,2.41630529448343,-8.1419963336701,0.506828344128762,-8.64882467779886,-7.63516798954133
"163",3.4675,-2.98641098051454,-9.07178224529509,"Jiaxian",23.3784638624536,2.38189855575245,-8.33834850653084,0.499295132612378,-8.83764363914321,-7.83905337391846
"164",3.48313,-1.86302240007109,-8.90193654821723,"Jiaxian",23.3662584078569,2.32871430206678,-8.1577371899392,0.487316931534779,-8.64505412147398,-7.67042025840442
"165",3.49875,-2.11794411450075,-8.96356580449491,"Jiaxian",23.4679706498462,2.28072124682711,-8.20433683356207,0.482858747659043,-8.68719558122111,-7.72147808590302
"166",3.51438,-2.26172504097377,-8.17017854014421,"Jiaxian",23.4063063282995,2.18949685979224,-7.42369183963945,0.468658526461959,-7.89235036610141,-6.95503331317749
"167",3.52688,-3.43856727635691,-8.50381901724346,"Jiaxian",23.326254513278,2.09232919438063,-7.78236777773824,0.458336938987481,-8.24070471672572,-7.32403083875076
"168",3.53937,-4.39024767959466,-8.77794911623375,"Jiaxian",23.4374585702952,2.02294608874303,-8.03427305089453,0.440951211576023,-8.47522426247055,-7.59332183931851
"169",3.56125,-4.24074492179144,-9.27643234179571,"Jiaxian",23.4167522189467,2.043831722326,-8.52736750548073,0.446658953725558,-8.97402645920629,-8.08070855175517
"170",3.57688,-2.70605309613182,-8.60789491624762,"Jiaxian",23.4071134340327,2.11339380077771,-7.86701126098156,0.458598293635037,-8.32560955461659,-7.40841296734652
"171",3.63172,-4.77354197706387,-9.12112650427434,"Jiaxian",23.4491989488349,2.47324277935033,-8.3799209365914,0.51165667389225,-8.89157761048365,-7.86826426269915
"172",3.69379,-5.29629948010462,-9.2193124555195,"Jiaxian",22.7374041839749,2.72015517381899,-8.59810931910893,0.558058742585785,-9.15616806169471,-8.04005057652315
"173",3.74552,-4.89329898411868,-8.82736780127153,"Jiaxian",20.3246013851838,2.25472138408093,-8.63415297455201,0.481809910996023,-9.11596288554803,-8.15234306355599
"174",3.7869,-4.68730872607938,-8.46856248844897,"Jiaxian",18.77808192983,2.28735317460036,-8.57035804897732,0.498281317115415,-9.06863936609273,-8.0720767318619
"175",3.83862,-5.14230739636576,-8.69515388834449,"Jiaxian",17.9433229504101,2.47457943463943,-8.96311426025732,0.528363812337341,-9.49147807259466,-8.43475044791998
"176",3.89034,-4.90490168452464,-8.49936332578054,"Jiaxian",17.2000743203255,2.63717680908183,-8.90711895660975,0.561147572766958,-9.46826652937671,-8.3459713838428
"177",3.90069,-4.25096333735273,-8.59067079335908,"Jiaxian",17.072603341604,2.66351489665868,-9.01683734460254,0.565836905821801,-9.58267425042434,-8.45100043878073
"178",3.95241,-4.56305173351006,-8.54450258241862,"Jiaxian",16.6080565150969,2.72056394149751,-9.06568423203833,0.569545591428604,-9.63522982346694,-8.49613864060973
"179",4.00414,-5.2764519838096,-8.51251093230313,"Jiaxian",16.4646857789356,2.64065137575847,-9.06199157993968,0.557070472854339,-9.61906205279402,-8.50492110708534
"180",4.05586,-4.89689570047588,-7.14882072371654,"Jiaxian",16.5927393237979,2.48184737883177,-7.66226403965851,0.535745297680593,-8.1980093373391,-7.12651874197792
"181",4.10759,-4.81869086926199,-8.41788375239434,"Jiaxian",16.937550218581,2.31578766699137,-8.8853226067475,0.503412516664822,-9.38873512341232,-8.38191009008268
"182",4.15931,-4.73112990333627,-8.75221961802023,"Jiaxian",17.4442828050443,2.20813443156383,-9.12356601206964,0.488238543658922,-9.61180455572856,-8.63532746841071
"183",4.20062,-4.49489778523152,-8.36892311549031,"Jiaxian",17.9287187656423,2.18734289760507,-8.63977092195949,0.481186445105025,-9.12095736706452,-8.15858447685447
"184",4.235,-4.09236557006455,-8.23581418791705,"Jiaxian",18.3640066201767,2.20935946094933,-8.42314076858645,0.48510245909795,-8.9082432276844,-7.9380383094885
"185",4.26938,-4.1507150703294,-8.87754046185755,"Jiaxian",18.811328363892,2.25086259179288,-8.98585114690983,0.49125669936664,-9.47710784627646,-8.49459444754319
"186",4.35333,-3.74848466058237,-8.65742933392211,"Jiaxian",19.8542269035731,2.30492214280237,-8.56033287158954,0.492710986058353,-9.0530438576479,-8.06762188553119
"187",4.49909,-3.72047941180949,-8.98767135927856,"Jiaxian",22.2455933223228,2.18786723980251,-8.45182170369619,0.472062596070687,-8.92388429976688,-7.97975910762551
"188",4.54109,-4.19310177583366,-8.3507140881714,"Jiaxian",22.9489590069116,2.14850962385213,-7.69121508008711,0.468609709606354,-8.15982478969346,-7.22260537048076
"189",4.725,-5.16508873798665,-9.04502236717039,"Jiaxian",26.8798047369936,2.01362289502623,-7.67140612617857,0.437332620772026,-8.1087387469506,-7.23407350540655
"190",4.82769,-5.22520715765805,-9.23794716936712,"Jiaxian",28.4806478670773,2.27970328076949,-7.59752088734002,0.473889856770053,-8.07141074411008,-7.12363103056997
"191",4.86923,-3.91651485053587,-8.64222257879176,"Jiaxian",28.7379243806166,2.34098399992473,-6.95600177558,0.484026732140947,-7.44002850772095,-6.47197504343906
"192",4.9764,-6.73178035696067,-8.69152797155365,"Jiaxian",28.7250822947482,2.3169542847486,-6.9982166303922,0.478829828581033,-7.47704645897324,-6.51938680181117
"193",5.15647,-5.42184890986979,-7.91400236561296,"Jiaxian",26.0883422566511,2.06246309197883,-6.68563291316767,0.446618041590727,-7.13225095475839,-6.23901487157694
"194",5.23,-5.61494160937139,-8.2525837765571,"Jiaxian",23.9680951607213,2.09939092878278,-7.40498992097979,0.455963567800801,-7.86095348878059,-6.94902635317899
"195",5.27486,-6.01901650841015,-9.20923259716794,"Jiaxian",22.8063207768803,2.20259841136753,-8.57948018253733,0.475298450836467,-9.05477863337379,-8.10418173170086
"196",5.2973,-5.89473351876441,-9.30928961663001,"Jiaxian",22.3308404436157,2.24199122309429,-8.76601131346055,0.481519722291325,-9.24753103575187,-8.28449159116923
"197",5.31973,-5.11613416350753,-9.29214967360772,"Jiaxian",21.7272618853178,2.25366569660985,-8.86169969843123,0.479759247616381,-9.34145894604761,-8.38194045081485
"198",5.43638,-4.83619194498425,-8.82208298957977,"Jiaxian",17.6073841317536,2.45296933948916,-9.15064100548929,0.524093349661441,-9.67473435515073,-8.62654765582785
"199",5.4633,-5.19257142491733,-9.33078343005818,"Jiaxian",16.4663501720196,2.61196327606179,-9.87535775778015,0.556890982803579,-10.4322487405837,-9.31846677497657
"200",5.54405,-5.59181340211752,-9.16892619057649,"Jiaxian",13.4940380475565,3.21284944061112,-10.281405837037,0.669623473960924,-10.951029310998,-9.61178236307611
"201",5.70377,-4.19784088074604,-8.83818566125218,"Jiaxian",13.6746781285057,2.84729247134367,-9.92380148883946,0.595906528966458,-10.5197080178059,-9.327894959873
"202",5.73249,-4.67169329602035,-8.82561568526426,"Jiaxian",14.5216508348242,2.67128124488186,-9.73722801723873,0.568294161348519,-10.3055221785873,-9.16893385589022
"203",5.85362,-5.19963550765136,-9.39531751106285,"Jiaxian",17.7344614546444,2.78499072214727,-9.70799681010467,0.58341940738034,-10.291416217485,-9.12457740272433
"204",5.87605,-5.4178387671089,-9.1986677772364,"Jiaxian",17.9126978894831,2.71424019754926,-9.47347006356487,0.566420004220872,-10.0398900677857,-8.907050059344
"205",5.89834,-5.56142416952482,-9.60633320734657,"Jiaxian",17.9118539059086,2.52429209087515,-9.88760167121091,0.534940224088536,-10.4225418952994,-9.35266144712238
"206",5.93305,-5.5366040776214,-9.13001681945918,"Jiaxian",17.7903682816752,2.2371549911283,-9.42334075492325,0.489780615277887,-9.91312137020114,-8.93356013964537
"207",5.96343,-6.2368947637958,-9.23778848622187,"Jiaxian",17.8201816667725,2.1334072143341,-9.53157762121377,0.481473422424024,-10.0130510436378,-9.05010419878974
"208",5.9695,-6.38340526698173,-8.86730216558013,"Jiaxian",17.8624128943873,2.12724328189208,-9.14593560801435,0.471663908372004,-9.61759951638636,-8.67427169964235
"209",5.98946,-5.84906840174107,-9.19042124956404,"Jiaxian",17.9875225747651,2.09359536201523,-9.43896442236909,0.469101993409979,-9.90806641577907,-8.96986242895911
"210",6.04154,-5.81496164517353,-9.50558154202881,"Jiaxian",18.1789678824863,1.96056869662527,-9.72457665158172,0.438479666774258,-10.163056318356,-9.28609698480746
"211",6.05629,-5.51720546210395,-9.36958691059408,"Jiaxian",18.2057985896857,1.93370721841752,-9.58347897915402,0.439155375006358,-10.0226343541604,-9.14432360414766
"212",6.07625,-5.80478193005095,-9.90393785863193,"Jiaxian",18.2285328992393,1.91642005499816,-10.1208819034052,0.437357348261003,-10.5582392516662,-9.68352455514423
"213",6.16415,-3.44988582151649,-10.3458327203906,"Jiaxian",18.2521059265461,2.00742389324614,-10.5567346915107,0.452418491749308,-11.00915318326,-10.1043161997614
"214",6.18678,-4.39611449947786,-9.4004224984556,"Jiaxian",18.2077806069251,2.01373003404503,-9.61485162148652,0.451672412067078,-10.0665240335536,-9.16317920941945
"215",6.26146,-4.2894409651812,-9.04811551760989,"Jiaxian",18.7942318214645,1.98599547380846,-9.15303398624384,0.447876095102934,-9.60091008134678,-8.70515789114091
"216",6.29029,-3.7120379038105,-9.09876012679711,"Jiaxian",19.1098513389533,2.12557797855968,-9.15457524563352,0.465470656279314,-9.62004590191284,-8.68910458935421
"217",6.3286,-4.36413588556817,-8.95094701066174,"Jiaxian",19.395906036194,2.40091387398786,-8.94570822119007,0.517995510223064,-9.46370373141314,-8.42771271096701
"218",6.36266,-3.70795909046582,-9.36770615176011,"Jiaxian",19.3786599048868,2.55974348852586,-9.36435878662287,0.541729365057128,-9.90608815167999,-8.82262942156574
"219",6.40097,-3.92038492215944,-9.63051054546989,"Jiaxian",18.6750850079587,2.49139535250187,-9.75720955510841,0.521032011998184,-10.2782415671066,-9.23617754311023
"220",6.42226,-4.71163504823142,-9.19215540095865,"Jiaxian",18.0166299485143,2.40510442506477,-9.44408596987884,0.512156265581782,-9.95624223546062,-8.93192970429705
"221",6.44354,-4.62631848837821,-8.83936040057205,"Jiaxian",17.3161022741321,2.33921111738073,-9.22339312434151,0.510992074427846,-9.73438519876936,-8.71240104991366
"222",6.50144,-3.89582687589499,-9.38807935257607,"Jiaxian",16.0888303047962,2.26600069899972,-10.0100377646971,0.493470215097026,-10.5035079797941,-9.51656754960002
"223",6.53465,-4.59725891532932,-9.40000004242754,"Jiaxian",15.291122600302,2.17694138183029,-10.1818541137913,0.490610626559927,-10.6724647403513,-9.69124348723142
"224",6.58969,-4.83631081875498,-9.57510861536725,"Jiaxian",13.9534848766997,2.30205696763174,-10.6034513110219,0.511918133593103,-11.115369444615,-10.0915331774288
"225",6.64673,-5.9598052123868,-8.82245464899152,"Jiaxian",14.8349823296292,2.25903470331921,-9.6796155567907,0.498277512025403,-10.1778930688161,-9.1813380447653
"226",6.66207,-6.21692659802522,-8.79836781140447,"Jiaxian",14.9391124016483,2.2761776967318,-9.64192564271616,0.504837860971271,-10.1467635036874,-9.13708778174489
"227",6.6774,-6.87504145116467,-9.5027282600932,"Jiaxian",15.0331857536981,2.28718441575641,-10.3216673077257,0.507270998281924,-10.8289383060076,-9.81439630944374
"228",6.69273,-6.10419279507315,-8.38683070993948,"Jiaxian",15.1848944024577,2.29005949255446,-9.17656949012815,0.507458233804312,-9.68402772393246,-8.66911125632384
"229",6.70807,-6.96541484832973,-9.18925747563956,"Jiaxian",15.3808359117548,2.28734352330533,-9.94721346034567,0.50149609049594,-10.4487095508416,-9.44571736984973
"230",6.7234,-7.27754597172793,-9.35165203020289,"Jiaxian",15.6072058499969,2.28105267673934,-10.0548936363015,0.497950690578264,-10.5528443268797,-9.55694294572319
"231",6.75284,-6.0467513469073,-8.99846295265196,"Jiaxian",16.0779563449183,2.26229877717403,-9.62136290294712,0.502213250882587,-10.1235761538297,-9.11914965206453
"232",6.7694,-6.65198874295996,-9.2923870793872,"Jiaxian",16.3343073403033,2.24718684275369,-9.86220633697863,0.496342369096416,-10.358548706075,-9.36586396788222
"233",6.80007,-5.95892117129467,-9.10718099480542,"Jiaxian",16.7234475787995,2.20317679648428,-9.61075321360315,0.480007024609488,-10.0907602382126,-9.13074618899367
"234",6.8154,-5.5248672634613,-8.85875420997343,"Jiaxian",16.8486283452511,2.17022308453464,-9.33265058306413,0.478220163656972,-9.8108707467211,-8.85443041940716
"235",6.84729,-6.73612422439594,-9.50467244156171,"Jiaxian",17.0903923490995,2.09879683521163,-9.9387808668514,0.470935687420528,-10.4097165542719,-9.46784517943087
"236",6.87673,-6.73284008400721,-9.34597298979163,"Jiaxian",17.3553270248753,2.05674990461074,-9.72200323365337,0.464174510147135,-10.1861777438005,-9.25782872350623
"237",6.89943,-7.94525142385301,-9.81937277186844,"Jiaxian",17.5550880660228,2.05620784668538,-10.1551853347547,0.464705204646333,-10.619890539401,-9.69048013010838
"238",6.91967,-7.10188582505127,-9.09177271038397,"Jiaxian",17.7097158554773,2.0917717620012,-9.39960631691127,0.473330845091232,-9.87293716200251,-8.92627547182004
"239",6.94057,-6.962737107053,-9.05323064635103,"Jiaxian",17.8285542977535,2.17618444045787,-9.34765640574556,0.486539608619404,-9.83419601436496,-8.86111679712615
"240",6.96509,-7.3590526916824,-9.33517004776584,"Jiaxian",17.912675783975,2.35274963310898,-9.61104514920865,0.505541991302789,-10.1165871405114,-9.10550315790586
"241",6.96843,-7.53651802592535,-9.02557055977197,"Jiaxian",17.9206656009325,2.38400705549176,-9.29642732176165,0.52359921214087,-9.82002653390252,-8.77282810962078
"242",6.99071,-6.29253179122421,-9.14888442356879,"Jiaxian",17.9556854451126,2.63841549667611,-9.41490479639169,0.553422057196747,-9.96832685358844,-8.86148273919494
"243",6.99629,-7.03199011747421,-9.38302771426,"Jiaxian",17.9599869573212,2.71461194232328,-9.6467357804643,0.573328755495764,-10.2200645359601,-9.07340702496853
"244",7.02414,-6.80122950572853,-9.09792422549858,"Jiaxian",17.9601297958529,3.16693465462559,-9.37123567729427,0.643355923705673,-10.0145916009999,-8.7278797535886
