age,d13o,d13a,co2,D13_wet,D13_dry,d13_wet,d13_dry
0.002,-23.181,-6.312333333333333,260.81374999999997,21.581384249296672,14.951384249296673,-27.304449760630227,-20.950478922059503
0.023,-23.31,-7.301,210.55184000000003,21.563811055747603,14.9338110557476,-28.25551448021334,-21.907646403678932
0.043,-22.901,-6.738583333333334,212.05597246127368,21.564457867292532,14.934457867292531,-27.705585274289767,-21.354128862831175
0.053,-23.316,-6.85325,200.74774617067834,21.559357581261832,14.92935758126183,-27.812977650690943,-21.4621908594439
0.058,-23.114,-7.179500000000001,201.14161925601752,21.559544867089084,14.929544867089085,-28.132520528529938,-21.78382231446853
0.063,-23.431,-6.9815000000000005,208.94991416309014,21.56311195076628,14.933111950766278,-27.942093461321043,-21.592173605061515
0.068,-23.777,-6.434,230.89733905579402,21.571846161681577,14.941846161681575,-27.414465528691913,-21.061153643946195
0.072,-23.082,-6.260666666666666,241.1858208955224,21.575393330218542,14.945393330218542,-27.24817001136142,-20.89379402699125
0.072,-22.906,-6.260666666666666,241.1858208955224,21.575393330218542,14.945393330218542,-27.24817001136142,-20.89379402699125
0.077,-24.585,-6.374833333333333,237.17089552238807,21.574045716137682,14.94404571613768,-27.358642446596676,-21.004979672971587
0.077,-24.66,-6.374833333333333,237.17089552238807,21.574045716137682,14.94404571613768,-27.358642446596676,-21.004979672971587
0.079,-22.935,-6.4205,237.2322759601707,21.57406666189375,14.94406666189375,-27.403364646255255,-21.04999414614134
0.081,-24.125,-6.441666666666666,237.58789473684212,21.57418780196581,14.94418780196581,-27.424199635380184,-21.07096599562502
0.081,-23.011,-6.441666666666666,237.58789473684212,21.57418780196581,14.94418780196581,-27.424199635380184,-21.07096599562502
0.083,-23.111,-6.4383333333333335,237.94351351351352,21.574308579937778,14.944308579937777,-27.421051682682496,-21.06779823534229
0.08599999999999998,-23.768,-6.433333333333334,246.92479079497897,21.577243530355194,14.947243530355193,-27.418951470463348,-21.065702675657416
0.114,-23.547,-6.51,265.4107453416151,21.58265929662988,14.952659296629882,-27.499154415925545,-21.146463433578933
0.141,-23.135,-7.756800000000001,210.7188860103627,21.56388334518314,14.933883345183139,-28.701761899775164,-22.356809362197584
0.169,-23.218,-7.298933333333333,209.58809330628804,21.563391742597986,14.933391742597985,-28.25309257284322,-21.90520605274337
0.197,-23.105,-6.40275,242.47579029733961,21.575816837109983,14.945816837109982,-27.387655792140933,-21.034193631773196
0.205,-23.445,-6.33125,260.7008666666667,21.581352373716697,14.951352373716697,-27.322936454213643,-20.969086177324684
0.224,-22.334,-6.882000000000001,256.6721511627906,21.580196403610525,14.950196403610525,-27.860951596173617,-21.510608580569816
0.232,-22.501,-6.715,247.82411085450352,21.57752569802915,14.947525698029148,-27.69493747300018,-21.343493283685547
0.26,-23.117,-7.082,235.33024136963238,21.573412525783958,14.943412525783957,-28.050272427250263,-21.701123682325903
0.287,-22.908,-7.0495,259.5832584900365,21.581035291676034,14.951035291676035,-28.025711424352746,-21.67644992386607
0.29,-22.931,-7.095000000000001,262.27803817008135,21.581795243193223,14.95179524319322,-28.07097324631412,-21.72201216503152
0.294,-23.281,-6.995000000000001,265.8710777434746,21.582784548199243,14.95278454819924,-27.97402714733288,-21.624438971285922
0.295,-23.482,-6.970000000000001,266.7693376368229,21.583027710492956,14.953027710492956,-27.94978668986327,-21.600041688575878
0.302,-22.597,-6.841,273.057156890261,21.584685051222753,14.954685051222752,-27.82508926295961,-21.474540067887627
0.339,-22.874,-7.736,268.5115306122448,21.58349469087521,14.953494690875207,-28.700047370819263,-22.355206233154316
0.377,-22.944,-6.903,237.41497435897438,21.574128942680048,14.944128942680047,-27.87573425743819,-21.525449844652368
0.415,-23.789,-7.714666666666667,283.51134020618565,21.58727784121074,14.957277841210738,-28.68276176050023,-22.337831357887374
0.455,-23.455,-7.38625,265.63104234527685,21.582719291275293,14.95271929127529,-28.356949216381192,-22.009862003103184
0.49,-22.898,-6.9,256.8240390879479,21.580240643094843,14.950240643094842,-27.878613455920263,-21.528386090386114
0.522,-23.432,-7.029999999999999,248.77192182410423,21.577820871989022,14.94782087198902,-28.003564963431,-21.654138685776815
0.528,-24.683,-6.94,247.26214983713353,21.57734961957321,14.947349619573208,-27.915017526761755,-21.565009877386366
0.554,-23.16,-7.151333333333333,213.9789130434782,21.565271532241596,14.935271532241597,-28.11039653149427,-21.761589615691374
0.586,-26.253,-6.401,222.55131438721133,21.568727761829372,14.938727761829371,-27.379193393193116,-21.025631575699474
0.592,-28.019,-6.276666666666667,227.86392539964473,21.57073918527768,14.94073918527768,-27.259400434817845,-20.905068673247047
0.624,-24.634,-7.114000000000001,232.69518731988467,21.57248862440543,14.94248862440543,-28.08071766207517,-21.731762017668142
0.629,-24.667,-7.594,221.86089337175787,21.568459286545703,14.9384592865457,-28.54674987412249,-22.200813340332935
0.662,-22.388,-7.508666666666667,198.33054054054057,21.558191914126432,14.928191914126431,-28.45345356815121,-22.10684338019797
0.7,-23.422,-6.245,249.78669117647047,21.578134415570464,14.948134415570461,-27.235444336803138,-20.88100238518487
0.726,-23.132,-7.363333333333333,230.7836363636364,21.57180519337278,14.941805193372778,-28.324135787233274,-21.97676597079022
0.753,-23.963,-7.886333333333333,208.620623655914,21.562966913033165,14.932966913033166,-28.827689726612373,-22.483554077243628
0.786,-23.256,-7.5,207.0049247311828,21.56224858345794,14.93224858345794,-28.44882788470003,-22.1022128469823
0.8239999999999998,-24.267,-6.794000000000002,205.1444229390681,21.56140739960207,14.93140739960207,-27.756928946426367,-21.405788845637993
0.8389999999999999,-25.191,-6.537500000000001,204.41001433691756,21.561071138137326,14.931071138137325,-27.505522608484156,-21.15273810078807
0.872,-23.435,-7.720666666666666,202.79431541218636,21.56032278993632,14.93032278993632,-28.6630057994373,-22.317777829652197
0.885,-24.079,-7.831666666666667,202.15782795698925,21.560024701768736,14.930024701768735,-28.771379711158854,-22.426857827093833
0.934,-22.369,-6.865999999999999,253.0001331285203,21.579110711869678,14.949110711869679,-27.844256419895075,-21.493797552636796
0.982,-23.981,-6.609999999999999,301.646,21.59134923055502,14.961349230555022,-27.605313271099828,-21.25337013760014
0.998,-23.068,-6.443333333333333,300.126,21.59102686871514,14.96102686871514,-27.441862217581104,-21.08884936014112
1.031,-22.25,-6.449666666666665,296.991,21.590351576310393,14.960351576310394,-27.447418820774306,-21.094438033688387
1.047,-23.315,-7.213499999999991,295.471,21.590019003557035,14.960019003557033,-28.194792889276204,-21.8466920749509
1.095,-22.212,-6.496666666666667,255.42086315789325,21.579829946298744,14.949829946298744,-27.48340931363269,-21.130597769645572
1.143,-23.606,-6.729999999999993,280.1014687499995,21.586453411916462,14.956453411916463,-27.71811755857231,-21.36688065681483
1.191,-23.218,-6.6127500000000055,220.5418518518491,21.567941694110296,14.937941694110297,-27.585724398689567,-21.233506807458987
1.279,-22.176,-6.259000000000001,249.29888728162896,21.577984012446436,14.947984012446433,-27.249005409368028,-20.894651101830622
1.322,-21.572,-6.631333333333333,270.42328919550465,21.584000197959583,14.95400019795958,-27.61920069796065,-21.267302288658254
1.366,-21.381,-6.4431666666666665,252.27915448851735,21.578893830867926,14.948893830867926,-27.43014824087968,-21.076982917624015
1.37,-21.133,-6.6075,243.22278705636703,21.576060027999965,14.946060027999966,-27.58831293210561,-21.236163060138733
1.401,-22.847,-6.146000000000005,309.64535331905887,21.592993579447594,14.962993579447595,-27.152685809106796,-20.797796287136517
1.413,-21.79,-6.612500000000004,271.45166666666546,21.584269176219216,14.954269176219217,-27.601021302879314,-21.249005823408915
1.432,-20.86,-6.13,230.8905802707931,21.571843727546263,14.941843727546262,-27.116882574275763,-20.761626745189986
1.466,-20.531,-6.671333333333333,253.67120133481617,21.579311471310227,14.949311471310224,-27.653892837704497,-21.302191705811815
1.5,-21.449,-6.905,211.7895795795803,21.564343981709992,14.93434398170999,-27.86838063547342,-21.517986962616327
1.601,-21.443,-6.211000000000003,267.3251295336785,21.58317734706239,14.953177347062386,-27.20696460491917,-20.85236818744922
1.701,-21.848,-6.777999999999996,289.7660805860806,21.588739656618312,14.958739656618311,-27.767279097215855,-21.41637763912679
1.8,-22.418,-6.22,214.8119123505975,21.565619481992865,14.935619481992864,-27.199055011348335,-20.84429699372494
1.9,-22.901,-6.779999999999999,182.52283927257437,21.54980768501893,14.91980768501893,-27.732184443574425,-21.38081011002741
1.915,-21.802,-6.381249999999998,186.44746872700517,21.552021932606056,14.922021932606055,-27.343954427069672,-20.990057829310413
1.999,-22.496,-5.934999999999995,285.36284193840646,21.587717238623018,14.957717238623015,-26.941119958859336,-20.584815390601143
2.185,-22.168,-6.441666666666666,303.60801114206134,21.59176056198986,14.96176056198986,-27.440929254592852,-21.087914895242292
2.233,-22.017,-6.149000000000001,235.69690715115664,21.57353944868404,14.94353944868404,-27.13709623258758,-20.781983064931357
2.373,-23.179,-6.183000000000003,415.96329776915593,21.608842081493798,14.978842081493799,-27.203995244274566,-20.849540112674283
2.402,-22.236,-6.266166666666675,337.43773558368457,21.598100613904997,14.968100613904996,-27.27517530017656,-20.92111788314144
2.535,-22.154,-6.1875,313.67171821305817,21.593789508632213,14.96378950863221,-27.194066559463426,-20.839452330483677
2.667,-22.045,-6.300500000000005,281.1554291623595,21.586710370818015,14.956710370818014,-27.297937696052692,-20.943957662048092
2.696,-21.775,-6.926,281.68121588089326,21.586837840375843,14.956837840375844,-27.91034181749218,-21.560362987393752
2.754,-21.908,-6.3893333333333295,270.88531082118175,21.584121295127463,14.954121295127463,-27.38242896042379,-21.02898464141963
2.77,-22.533,-6.23,314.88805320435375,21.594025949683967,14.964025949683966,-27.235893361669255,-20.88155383620921
2.842,-21.947,-6.107666666666665,325.1302832415424,21.595946749688846,14.965946749688843,-27.117975070767816,-20.762877300308762
2.94,-23.634,-6.096666666666667,337.8704781997187,21.598173490320008,14.968173490320009,-27.109328183669753,-20.754187872263934
3.078,-22.733,-6.030000000000001,289.39190348525074,21.588653983512437,14.958653983512436,-27.035004623258256,-20.679319202941034
3.217,-22.675,-5.984666666666666,373.26508287293785,21.603562025003193,14.973562025003192,-27.004828210450828,-20.649039025071247
3.355,-23.245,-6.191652892561984,292.8835677119956,21.589444939502787,14.959444939502786,-27.19399458332298,-20.83935268302813
3.493,-22.733,-6.200776859504132,270.0467464114833,21.583901198569734,14.953901198569731,-27.197646738046274,-20.842993985334783
3.535,-25.648,-6.203553719008265,280.4965071770335,21.586549949789994,14.956549949789991,-27.202887185783833,-20.848285249102588
3.632,-22.342,-6.20996694214876,270.42740521988986,21.584001278607886,14.954001278607883,-27.206737953971377,-20.85214521455645
3.676,-21.904,-6.212876033057851,276.9664745789768,21.585677530451346,14.955677530451343,-27.211181768629075,-20.856628552505516
3.854,-22.081,-6.224644628099174,323.45372931366273,21.595640659667954,14.965640659667951,-27.232188725671268,-20.87783510976262
4.032,-21.68,-6.236413223140496,300.68526666666594,21.591145857052304,14.961145857052303,-27.23942860413809,-20.88509414051824
4.221,-21.796,-6.248909090909091,378.6550653895744,21.604294221166047,14.974294221166046,-27.264179946805534,-20.910089480010548
4.388,-22.176,-6.259950413223141,313.3328828040558,21.593723316148065,14.963723316148064,-27.264922535894883,-20.91077074166552
4.438,-22.332,-6.263256198347108,306.24869619463493,21.592305855539717,14.962305855539716,-27.26680877902559,-20.91266043224651
4.475,-22.218,-6.265702479338843,319.0521272613848,21.594821745854496,14.964821745854493,-27.271598908049565,-20.91749760220697
4.486,-22.032,-6.266429752066116,322.85855271366177,21.595531233140267,14.965531233140267,-27.272986356523084,-20.91889855551099
4.525,-22.298,-6.26900826446281,336.35406113537124,21.59791729395153,14.96791729395153,-27.277782272921364,-20.923740737574242
4.564,-22.675,-6.271586776859504,349.84956955708043,21.60011926933537,14.970119269335367,-27.282402889820688,-20.928405322401524
4.603,-23.037,-6.2741652892561985,361.5265606006434,21.60189186883503,14.971891868835028,-27.286614658766,-20.93265570041703
4.642,-22.875,-6.276743801652892,371.89774401144086,21.603372905431208,14.973372905431205,-27.29054880446732,-20.936624816328113
4.676,-23.418,-6.27899173553719,380.93928852341793,21.60459826781212,14.974598267812118,-27.293915914853454,-20.94002159228552
4.875,-23.883,-6.292148760330578,406.54591125198135,21.60777286164096,14.97777286164096,-27.309817293011232,-20.956046714208192
4.966,-24.199,-6.298165289256199,323.17165088613746,21.59558884822554,14.965588848225538,-27.30410589275342,-20.950221732750236
5.098,-23.316,-6.306892561983471,375.25695638126024,21.603835059088173,14.973835059088172,-27.320500044381024,-20.966774596541942
5.302,-24.223,-6.320380165289256,300.2264652567993,21.59104827614522,14.961048276145219,-27.321528011167306,-20.967729232151118
5.303,-24.067,-6.320446280991735,297.45033232628487,21.590451408476024,14.960451408476025,-27.32102443889012,-20.96721863392405
5.329,-24.513,-6.322165289256198,442.6844897959162,21.611628252304815,14.981628252304816,-27.34286960823656,-20.989339066406533
5.356,-24.511,-6.32395041322314,344.0028372739929,21.599186506855155,14.969186506855154,-27.332771295125657,-20.979096905750723
5.383,-24.392,-6.3257355371900825,349.8236579776576,21.600115204297516,14.970115204297514,-27.335402889909666,-20.981751504280574
5.411,-25.201,-6.327586776859504,308.57358636493984,21.592778212885364,14.962778212885361,-27.330229407638456,-20.9764982980285
5.438,-25.077,-6.329371900826446,342.6209070230295,21.59896138820942,14.96896138820942,-27.337863823868016,-20.984221290772652
5.465,-25.473,-6.331157024793388,362.5781794383629,21.602045903231847,14.972045903231846,-27.342547952053657,-20.988955325431984
5.477,-24.913,-6.33195041322314,354.9275368871963,21.600904450896124,14.970904450896121,-27.342237797971602,-20.988636000008498
5.492,-25.493,-6.33294214876033,345.36423369823865,21.59940651889629,14.96940651889629,-27.34178239476098,-20.9881682451086
5.504,-24.869,-6.3337355371900825,340.4832317073171,21.598609557793132,14.96860955779313,-27.34180022726729,-20.988181205194444
5.531,-25.142,-6.335520661157024,330.7698170731708,21.59695359126207,14.966953591262069,-27.341970974195753,-20.988342701251952
5.558,-24.871,-6.3373057851239665,364.5667871298662,21.602334752704284,14.972334752704281,-27.34884170423465,-20.99529199780632
5.644,-24.694,-6.34299173553719,358.17335680304564,21.601394672760215,14.971394672760214,-27.353512391443594,-20.999987310154125
5.751,-23.262,-6.349399999999999,377.9712570870001,21.604202486591248,14.974202486591247,-27.362458394896965,-21.009009326887746
5.85,-23.692,-6.414444444444444,284.5662337046692,21.58752888879316,14.957528888793158,-27.41025368985863,-21.05701246103992
5.953,-24.429,-6.516999999999999,297.6407015760042,21.59049269337716,14.960492693377162,-27.513463461541253,-21.160914979442044
6.056,-23.951,-6.439999999999999,348.92916201117333,21.599974504597625,14.969974504597626,-27.447117467083913,-21.09419494408959
6.263,-24.544,-6.511333333333333,367.92442255325983,21.602815369616515,14.972815369616512,-27.51964685294855,-21.16721588757635
6.469,-24.751,-6.3427500000000014,368.15102558724794,21.60284749011802,14.97284749011802,-27.35465896436662,-21.001150467057744
6.675,-23.625,-6.3,387.75163103324985,21.60548376727949,14.97548376727949,-27.31532299961335,-20.961574055278046
6.881,-24.192,-6.173038461538462,370.6084692667273,21.603193304815758,14.973193304815759,-27.188865450292916,-20.834276122604553
7.088,-24.608,-6.0058461538461545,419.57969655172417,21.60923992114539,14.97923992114539,-27.03096741482395,-20.675384529659834
7.118,-24.827,-5.9816153846153846,419.2045931034483,21.60919897511652,14.979198975116521,-27.00721018116433,-20.651471853706223
7.293999999999999,-24.517,-5.998642857142857,417.00398620689657,21.60895727466626,14.978957274666257,-27.023647292069146,-20.66801482085535
7.324,-23.432,-6.001857142857142,416.6288827586207,21.608915821023086,14.978915821023087,-27.026754109414405,-20.67114167283834
7.53,-24.382,-5.8357142857142845,414.0531724137931,21.608629144082943,14.978629144082944,-26.86385240577936,-20.50717407454152
7.679,-23.981,-5.8388,412.19015862068966,21.608419557458024,14.978419557458022,-26.866673210610045,-20.51001199270282
7.706,-24.78,-5.856285714285714,411.8525655172414,21.608381375745743,14.978381375745743,-26.883752708690828,-20.52720281765139
7.716,-25.171,-5.866761904761905,411.72753103448275,21.608367218481217,14.978367218481214,-26.893993828622673,-20.537510745542875
7.732999999999999,-25.161,-5.884571428571427,411.51497241379315,21.608343131387468,14.978343131387469,-26.911403714351884,-20.55503420456551
7.743,-25.04,-5.895047619047619,411.38993793103447,21.60832895088159,14.978328950881588,-26.92164481291299,-20.565342110806135
7.771,-25.545,-5.924380952380952,411.03984137931036,21.60828919956866,14.978289199568657,-26.95031984668164,-20.594204205524292
7.798,-24.514,-5.9526666666666666,410.7022482758621,21.60825080376209,14.978250803762089,-26.97797071308389,-20.622035451354296
7.825,-24.673,-5.980952380952381,410.3646551724138,21.60821234478166,14.97821234478166,-27.005621521396893,-20.649866638333656
7.852,-24.997,-6.0092380952380955,410.0270620689655,21.608173822471333,14.978173822471332,-27.033272271477156,-20.677697766317007
7.861,-25.128,-6.018666666666666,409.91453103448276,21.608160967600867,14.978160967600866,-27.042489175205098,-20.686974795842698
7.878999999999999,-24.552,-6.037523809523808,409.6894689655173,21.608135236674546,14.978135236674547,-27.060922963180712,-20.70552883515849
7.888,-24.286,-6.046952380952381,409.5769379310345,21.60812236060705,14.978122360607049,-27.070139847417686,-20.714805844937732
7.916,-24.751,-6.0673,409.2268413793104,21.608082256444163,14.978082256444162,-27.090018899730165,-20.734814499301514
7.942999999999999,-24.525,-6.055150000000001,408.8892482758621,21.60804351953259,14.978043519532589,-27.07808899412183,-20.722806423080833
7.949,-24.497,-6.05245,408.8142275862069,21.60803490264181,14.97803490264181,-27.0754378955896,-20.720137953191355
7.97,-25.072,-6.043,408.5516551724138,21.608004718603095,14.978004718603092,-27.066159026640975,-20.710798284176658
7.976,-25.336,-6.0403,408.47663448275864,21.607996087464556,14.977996087464557,-27.063507914338462,-20.70812980033641
8.003,-24.535,-6.02815,408.13904137931036,21.607957208075188,14.977957208075185,-27.05157787102712,-20.696121584607805
8.029999999999998,-24.627,-6.016000000000001,407.80144827586213,21.607918264314225,14.977918264314226,-27.039647765501424,-20.684113305849404
8.058,-25.396,-6.0034,407.45135172413796,21.60787781002872,14.977877810028719,-27.027275738336783,-20.671660209283637
8.085,-24.712,-5.99125,407.1137586206896,21.607838734644957,14.977838734644955,-27.015345505599253,-20.659651801645985
8.112,-24.757,-5.9784999999999995,406.7761655172414,21.60779959440203,14.977799594402033,-27.002827900642817,-20.647052184566437
8.138999999999998,-24.427,-5.958250000000001,406.4385724137931,21.60776038913833,14.97776038913833,-26.98296886335146,-20.627063179307054
8.154,-25.003,-5.947,406.25102068965515,21.60773858028121,14.977738580281212,-26.971936037381404,-20.61595814855021
8.166,-24.609,-5.938,406.1009793103448,21.607721118691696,14.977721118691695,-26.963109762451957,-20.607074109605808
8.181,-25.122,-5.926750000000001,405.9134275862069,21.60769927355157,14.97769927355157,-26.952076901075497,-20.595969042978464
8.208,-24.192,-5.906499999999999,405.57583448275864,21.607659901385677,14.977659901385678,-26.93221770091424,-20.575979872714402
8.211999999999998,-24.187,-5.903500000000001,405.5258206896552,21.607654062897037,14.977654062897036,-26.92927559174617,-20.573018508644978
8.236,-24.648,-5.992000000000005,405.2257379310345,21.607619001700066,14.977619001700067,-27.01587036779347,-20.66017871637911
8.239,-24.87,-6.043000000000009,405.1882275862069,21.607614615398926,14.977614615398926,-27.065787509628603,-20.71042189769297
8.266,-24.453,-5.796,404.8506344827586,21.607575102112587,14.977575102112585,-26.823974067903247,-20.46702864348766
8.293,-25.409,-5.8229999999999995,404.5130413793104,21.607535522873302,14.9775355228733,-26.85036530083342,-20.493592020396537
8.32,-25.369,-5.8500000000000005,404.1754482758621,21.60749587751581,14.977495877515807,-26.876756472828177,-20.520155335571307
8.348,-25.069,-5.917600000000001,403.82535172413793,21.607454693797642,14.97745469379764,-26.942887473396148,-20.58671805680781
8.375,-24.506,-6.003999999999998,403.48775862068965,21.6074149132414,14.977414913241397,-27.027422187990144,-20.67180471698954
8.402,-24.344,-5.706000000000002,403.15016551724136,21.607375066061635,14.977375066061635,-26.7356870483589,-20.37816366568311
8.429,-24.207,-5.651999999999999,402.8125724137931,21.607335152090844,14.977335152090843,-26.6827911411116,-20.324921983602334
8.451,-23.986,-5.746600000000003,403.3382727272737,21.60739727717835,14.97739727717835,-26.775449502502745,-20.41818599386886
8.478,-24.523,-5.870799999999997,424.6216363636365,21.60978327443598,14.97978327443598,-26.899295332074797,-20.54285574750042
8.503999999999998,-24.134,-5.906799999999997,445.1167272727256,21.61186524719563,14.981865247195628,-26.936516874279878,-20.580333464488312
8.524,-24.848,-5.9308,460.88218181818104,21.613340763089916,14.983340763089917,-26.961414523537773,-20.605402988551656
8.531,-24.591,-5.939200000000001,466.4000909090912,21.61383362723499,14.983833627234986,-26.970106238095934,-20.614154564868883
8.544,-24.468,-5.937999999999997,476.6476363636365,21.6147186715401,14.984718671540097,-26.9697745813298,-20.613826283931385
8.551,-24.61,-5.916999999999998,482.1655454545453,21.61517965161343,14.985179651613432,-26.94965795340113,-20.593581138581705
8.570999999999998,-24.454,-5.849000000000026,488.4823970588237,21.61569459183053,14.985694591830526,-26.883587181776427,-20.527082009967717
8.592,-24.589,-5.659000000000006,486.9978823529412,21.61557477723058,14.985574777230582,-26.697493118365948,-20.339771608834607
8.612,-24.23,-5.8292,485.5840588235294,21.61545998699686,14.98545998699686,-26.863982645041585,-20.507347944928703
8.631999999999998,-24.766,-5.821200000000001,484.17023529411784,21.615344526366155,14.985344526366152,-26.856041927488945,-20.499354634598532
8.652,-24.255,-5.8132,482.75641176470594,21.615228389448387,14.985228389448388,-26.84810056393603,-20.491360669800862
8.663999999999998,-24.993,-5.73400000000004,481.908117647059,21.615158380203795,14.985158380203794,-26.77050957580407,-20.413262409934305
8.684,-24.386,-5.461999999999995,480.49429411764714,21.615041148802284,14.985041148802281,-26.50415279551312,-20.14516502199822
8.694,-24.698,-5.542000000000004,479.78738235294117,21.61498227401096,14.984982274010958,-26.58240408099956,-20.223927085129407
8.708,-24.596,-5.6539999999999955,478.79770588235294,21.614899557236566,14.984899557236563,-26.691955617576433,-20.334193706960367
8.728,-25.091,-5.697857142857141,477.3838823529412,21.614780795477706,14.984780795477706,-26.73477170824402,-20.377288733457824
8.766999999999998,-24.384,-5.758214285714281,474.62692647058844,21.614547174993266,14.984547174993263,-26.793629296293528,-20.436529322974305
8.807,-24.728,-5.820119047619047,471.7992794117647,21.614304728010737,14.984304728010738,-26.853993379559988,-20.49728619321343
8.846,-24.752,-5.880476190476189,469.04232352941176,21.61406552770009,14.984065527700091,-26.91284570751712,-20.55652145369258
8.886,-25.174,-5.94238095238095,466.2146764705883,21.613817255292453,14.983817255292452,-26.973204299161655,-20.617272760330096
8.925,-25.278,-5.9812499999999975,463.45772058823525,21.61357227283725,14.983572272837248,-27.011017689835114,-20.6553316187089
8.965,-25.22,-5.957708333333334,460.6300735294118,21.6133179624967,14.983317962496702,-26.98773186592519,-20.63189209638202
8.996,-25.394,-5.979666666666668,458.4386470588235,21.613118714198336,14.983118714198334,-27.009035881991476,-20.65333402531964
9.035,-25.523,-6.007291666666667,455.6816911764706,21.61286532491479,14.982865324914789,-27.035835128013108,-20.68030674080603
9.075,-25.099,-5.828333333333339,452.8540441176471,21.612602233546554,14.982602233546551,-26.860412162972455,-20.503736242457595
9.108,-25.682,-5.678000000000001,450.5212352941176,21.612382696983275,14.982382696983272,-26.713050036588857,-20.355410152130002
9.127,-25.755,-5.697,449.17810294117646,21.612255262724787,14.982255262724786,-26.731526684457943,-20.374006693715085
9.13,-25.263,-5.7,448.9660294117647,21.612235071826802,14.982235071826802,-26.734443983931488,-20.376942922910562
9.149,-26.604,-5.77494444444444,447.6228970588236,21.612106751852608,14.982106751852605,-26.80768073840897,-20.450657265992398
9.152,-25.33,-5.786777777777774,447.4108235294118,21.61208642037638,14.982086420376378,-26.819244371077236,-20.462296306530362
9.171,-25.199,-5.8617222222222205,446.06769117647065,21.61195720542019,14.981957205420189,-26.89248029437282,-20.53600980753582
9.193,-25.145,-5.936625,444.5124852941177,21.61180661255826,14.981806612558259,-26.96565508958128,-20.609661647406554
9.215000000000002,-25.247,-5.936319444444444,442.9572794117646,21.6116549622449,14.9816549622449,-26.965211558503036,-20.6092142694613
9.237,-25.225,-5.936013888888889,441.4020735294118,21.61150224330285,14.98150224330285,-26.964767009476304,-20.608765860225073
9.259,-25.242,-5.935708333333333,NA,NA,NA,NA,NA
9.281,-25.075,-5.935402777777778,NA,NA,NA,NA,NA
9.303,-25.106,-5.935097222222223,NA,NA,NA,NA,NA
9.313,-25.047,-5.993500000000004,NA,NA,NA,NA,NA
9.324,-24.907,-6.147999999999999,NA,NA,NA,NA,NA
9.332,-25.579,-6.184000000000004,NA,NA,NA,NA,NA
9.335,-25.352,-6.197500000000004,NA,NA,NA,NA,NA
9.354,-25.291,-6.260500000000001,NA,NA,NA,NA,NA
9.358,-24.761,-6.255999999999999,NA,NA,NA,NA,NA
9.376,-25.288,-6.235750000000001,NA,NA,NA,NA,NA
9.397,-25.453,-6.157000000000002,NA,NA,NA,NA,NA
9.419,-24.81,-6.008499999999998,NA,NA,NA,NA,NA
9.441,-25.015,-6.024166666666671,NA,NA,NA,NA,NA
9.463,-25.148,-6.115833333333328,NA,NA,NA,NA,NA
9.485,-24.711,-5.934999999999992,NA,NA,NA,NA,NA
9.507,-24.586,-5.9650000000000025,NA,NA,NA,NA,NA
9.529000000000002,-24.763,-5.912499999999948,NA,NA,NA,NA,NA
9.536,-25.06,-6.040000000000009,NA,NA,NA,NA,NA
9.558,-24.815,-6.026000000000005,NA,NA,NA,NA,NA
9.568,-24.222,-6.049999999999996,NA,NA,NA,NA,NA
9.579,-24.603,-6.005999999999997,NA,NA,NA,NA,NA
9.59,-24.734,-5.9975000000000005,NA,NA,NA,NA,NA
9.612,-24.856,-5.992,NA,NA,NA,NA,NA
9.634,-24.601,-5.9780000000000015,NA,NA,NA,NA,NA
9.656,-24.315,-5.911999999999999,NA,NA,NA,NA,NA
9.678,-24.786,-5.982000000000014,NA,NA,NA,NA,NA
9.699,-24.678,-6.001250000000001,NA,NA,NA,NA,NA
9.721,-24.627,-6.02875,NA,NA,NA,NA,NA
9.743,-24.545,-6.0985000000000005,NA,NA,NA,NA,NA
9.744,-24.861,-6.102999999999998,NA,NA,NA,NA,NA
9.765,-24.729,-6.096999999999999,NA,NA,NA,NA,NA
9.766,-24.678,-6.0948,NA,NA,NA,NA,NA
9.788,-24.501,-6.0464,NA,NA,NA,NA,NA
9.81,-24.433,-5.93,NA,NA,NA,NA,NA
9.812,-24.53,-5.91200000000001,NA,NA,NA,NA,NA
9.832,-24.514,-5.870000000000002,NA,NA,NA,NA,NA
9.834,-24.473,-5.874999999999999,NA,NA,NA,NA,NA
9.856000000000002,-24.623,-6.018000000000011,NA,NA,NA,NA,NA
9.878,-24.634,-6.193999999999995,NA,NA,NA,NA,NA
9.9,-24.326,-5.88,NA,NA,NA,NA,NA
9.922,-24.362,-5.8508000000000004,NA,NA,NA,NA,NA
9.943,-24.613,-5.869699999999999,NA,NA,NA,NA,NA
9.944,-24.177,-5.8706,NA,NA,NA,NA,NA
9.965000000000002,-23.85,-5.912500000000005,NA,NA,NA,NA,NA
10.006,-24.397,-5.958,NA,NA,NA,NA,NA
10.082,-24.096,-5.908000000000003,NA,NA,NA,NA,NA
10.094,-24.506,-5.955999999999999,NA,NA,NA,NA,NA
10.135,-24.483,-6.259999999999993,NA,NA,NA,NA,NA
10.143,-24.436,-6.309999999999998,NA,NA,NA,NA,NA
10.189,-24.028,-5.921999999999999,NA,NA,NA,NA,NA
10.236,-24.599,-6.1364,NA,NA,NA,NA,NA
10.282,-24.281,-5.936142857142857,NA,NA,NA,NA,NA
10.329,-24.676,-5.790000000000005,NA,NA,NA,NA,NA
10.375,-24.72,-6.3125,NA,NA,NA,NA,NA
10.421,-24.343,-5.986399999999998,NA,NA,NA,NA,NA
10.468,-24.987,-5.832000000000008,NA,NA,NA,NA,NA
10.487,-24.421,-5.9134166666666665,NA,NA,NA,NA,NA
10.534,-24.754,-6.176500000000001,NA,NA,NA,NA,NA
10.58,-24.975,-6.093333333333334,NA,NA,NA,NA,NA
10.626,-24.641,-5.912999999999999,NA,NA,NA,NA,NA
10.673,-24.668,-6.001499999999999,NA,NA,NA,NA,NA
10.699,-25.076,-6.012999999999983,NA,NA,NA,NA,NA
10.719,-25.07,-6.074999999999994,NA,NA,NA,NA,NA
10.746,-24.462,-6.069166666666667,NA,NA,NA,NA,NA
10.792,-24.726,-5.946400000000002,NA,NA,NA,NA,NA
10.839,-24.768,-6.096800000000002,NA,NA,NA,NA,NA
10.885,-24.919,-6.339999999999998,NA,NA,NA,NA,NA
10.931,-24.789,-6.014000000000003,NA,NA,NA,NA,NA
10.978,-24.15,-6.1833333333333345,NA,NA,NA,NA,NA
10.986,-24.277,-6.2100000000000035,NA,NA,NA,NA,NA
11.024,-25.642,-6.252666666666668,NA,NA,NA,NA,NA
11.032,-24.993,-6.231333333333333,NA,NA,NA,NA,NA
11.07,-24.368,-6.129999999999998,NA,NA,NA,NA,NA
11.079,-24.647,-6.105999999999997,NA,NA,NA,NA,NA
11.125,-25.521,-6.09375,NA,NA,NA,NA,NA
11.171,-24.669,-6.035000000000002,NA,NA,NA,NA,NA
11.211,-24.777,-5.972499999999998,NA,NA,NA,NA,NA
11.218,-24.674,-5.989999999999998,NA,NA,NA,NA,NA
11.258,-24.753,-5.942000000000012,NA,NA,NA,NA,NA
11.304,-24.703,-5.94133333333333,NA,NA,NA,NA,NA
11.351,-25.512,-5.982600000000006,NA,NA,NA,NA,NA
11.397,-25.229,-6.199625000000001,NA,NA,NA,NA,NA
11.406,-24.799,-6.133249999999998,NA,NA,NA,NA,NA
11.41,-24.718,-6.10375,NA,NA,NA,NA,NA
11.416,-25.133,-6.059499999999997,NA,NA,NA,NA,NA
11.427,-25.252,-5.991500000000001,NA,NA,NA,NA,NA
11.437,-24.536,-5.9365000000000006,NA,NA,NA,NA,NA
11.445,-24.602,-5.869999999999996,NA,NA,NA,NA,NA
11.447,-24.736,-5.850000000000008,NA,NA,NA,NA,NA
11.455,-25.266,-5.770000000000004,NA,NA,NA,NA,NA
11.457,-24.649,-5.749999999999999,NA,NA,NA,NA,NA
11.465,-24.955,-5.8433333333333115,NA,NA,NA,NA,NA
11.476,-24.773,-6.114666666666675,NA,NA,NA,NA,NA
11.486,-25.109,-6.361333333333342,NA,NA,NA,NA,NA
11.496,-24.915,-6.222999999999986,NA,NA,NA,NA,NA
11.506,-24.525,-5.827999999999986,NA,NA,NA,NA,NA
11.513,-25.003,-5.736000000000004,NA,NA,NA,NA,NA
11.516,-24.971,-5.8020000000000085,NA,NA,NA,NA,NA
11.523,-24.272,-5.863,NA,NA,NA,NA,NA
11.533,-24.731,-5.773000000000006,NA,NA,NA,NA,NA
11.543,-24.348,-5.6830000000000105,NA,NA,NA,NA,NA
11.554,-24.926,-5.636399999999998,NA,NA,NA,NA,NA
11.56,-24.194,-5.6610000000000005,NA,NA,NA,NA,NA
11.564,-24.294,-5.677399999999999,NA,NA,NA,NA,NA
11.571,-24.075,-5.7060999999999975,NA,NA,NA,NA,NA
11.581,-23.739,-5.747099999999998,NA,NA,NA,NA,NA
11.591,-24.109,-5.788099999999998,NA,NA,NA,NA,NA
11.601,-24.56,-5.832500000000009,NA,NA,NA,NA,NA
11.608,-24.148,-5.885000000000008,NA,NA,NA,NA,NA
11.612,-24.046,-5.915000000000005,NA,NA,NA,NA,NA
11.618,-23.473,-5.960000000000008,NA,NA,NA,NA,NA
11.628,-25.593,-5.957999999999998,NA,NA,NA,NA,NA
11.638,-23.907,-5.936749999999999,NA,NA,NA,NA,NA
11.649,-24.435,-5.913375000000001,NA,NA,NA,NA,NA
11.664,-25.187,-5.899999999999999,NA,NA,NA,NA,NA
11.683,-24.4,-5.9205,NA,NA,NA,NA,NA
11.694,-23.501,-5.848999999999994,NA,NA,NA,NA,NA
11.704,-24.07,-5.783999999999995,NA,NA,NA,NA,NA
11.714,-24.233,-5.718999999999998,NA,NA,NA,NA,NA
11.722,-24.329,-5.667000000000003,NA,NA,NA,NA,NA
11.724,-23.89,-5.653999999999999,NA,NA,NA,NA,NA
11.735,-24.105,-5.582500000000005,NA,NA,NA,NA,NA
11.742,-23.935,-5.5745000000000084,NA,NA,NA,NA,NA
11.745,-24.093,-5.611249999999989,NA,NA,NA,NA,NA
11.751,-25.499,-5.684749999999993,NA,NA,NA,NA,NA
11.752,-24.292,-5.697000000000009,NA,NA,NA,NA,NA
11.756,-24.488,-5.746000000000004,NA,NA,NA,NA,NA
11.762,-24.015,-5.8195000000000086,NA,NA,NA,NA,NA
11.766,-24.519,-5.8685000000000045,NA,NA,NA,NA,NA
11.777,-23.936,-6.003249999999998,NA,NA,NA,NA,NA
11.786,-24.251,-6.019,NA,NA,NA,NA,NA
11.787,-24.476,-6.015499999999997,NA,NA,NA,NA,NA
11.796,-24.871,-5.9840000000000035,NA,NA,NA,NA,NA
11.797,-24.488,-5.980499999999999,NA,NA,NA,NA,NA
11.798,-25.46,-5.977000000000002,NA,NA,NA,NA,NA
11.918,-25.159,-6.111999999999999,NA,NA,NA,NA,NA
12.062,-24.165,-6.231999999999999,NA,NA,NA,NA,NA
12.238,-24.074,-6.066,NA,NA,NA,NA,NA
12.35,-24.775,-5.97,NA,NA,NA,NA,NA
12.362,-24.025,-5.965199999999999,NA,NA,NA,NA,NA
12.487,-26.588,-5.956333333333333,NA,NA,NA,NA,NA
12.495,-24.015,-5.974999999999998,NA,NA,NA,NA,NA
12.562,-24.476,-6.088000000000001,NA,NA,NA,NA,NA
12.617,-24.728,-6.092999999999999,NA,NA,NA,NA,NA
12.621,-25.204,-6.0889999999999995,NA,NA,NA,NA,NA
12.629,-24.598,-6.081,NA,NA,NA,NA,NA
12.688,-25.389,-6.040000000000011,NA,NA,NA,NA,NA
12.783,-26.483,-5.989249999999999,NA,NA,NA,NA,NA
12.793,-25.197,-5.9799999999999995,NA,NA,NA,NA,NA
