age,d13,d13a,co2,D13_wet,D13_dry,d13_wet,d13_dry
0,-20.68,-6.206666667,NA,NA,NA,NA,NA
0,-20.77,-6.206666667,NA,NA,NA,NA,NA
0.0031,-20.73,-6.37045,259.37,21.58097448,14.95097448,-27.36094854,-21.00734421
0.0061,-21.29,-6.52895,263.785,21.58221345,14.95221345,-27.51727965,-21.16470427
0.007,-21.48,-6.5765,263.6725,21.58218239,14.95218239,-27.56379553,-21.21152382
0.0078,-19.49,-6.618766667,263.5725,21.58215477,14.95215477,-27.60514297,-21.25314118
0.0084,-23.07,-6.650466667,244.1897143,21.57637261,14.94637261,-27.63066965,-21.27879843
0.009,-21.58,-6.682166667,252.9964948,21.57910962,14.94910962,-27.66430521,-21.31267083
0.0096,-20.77,-6.713866667,262.7283133,21.5819207,14.9519207,-27.69801109,-21.34661448
0.0102,-19.42,-6.7485,244.4463855,21.57645517,14.94645517,-27.72671103,-21.3754677
0.0107,-22.22,-6.78225,261.4379279,21.58156001,14.95156001,-27.76460648,-21.41364264
0.0112,-21.34,-6.816,258.7127027,21.5807864,14.9507864,-27.79690729,-21.4461496
0.0116,-20.59,-6.843,256.5325225,21.58015569,14.95015569,-27.8227367,-21.4721438
0.0121,-20.71,-6.87675,231.3,21.57199092,14.94199092,-27.84800403,-21.4975251
0.0135,-21.88,-6.97125,224.5461644,21.5694942,14.9394942,-27.9381328,-21.58822701
0.0149,-21.06,-7.06575,229.6291489,21.57138692,14.94138692,-28.03243835,-21.68316043
0.0169,-19.91,-7.20075,187.3773171,21.55253295,14.92253295,-28.14665132,-21.79800156
0.0189,-20.68,-7.33575,206.6817778,21.56210357,14.93210357,-28.28790679,-21.94023964
0.0216,-20.71,-7.351866667,202.1036913,21.55999926,14.92999926,-28.30168169,-21.95409136
0.0242,-21.22,-7.2574,198.2161538,21.55813605,14.92813605,-28.2074363,-21.85921866
0.0262,-19.64,-7.184733333,186.1879032,21.55187837,14.92187837,-28.13034983,-21.78158947
0.0282,-20.14,-7.112066667,218.8506838,21.56726895,14.93726895,-28.07385915,-21.72482605
0.0304,-20.63,-7.035733333,247.1874359,21.57732615,14.94732615,-28.00870649,-21.6593107
0.0327,-20.66,-6.972866667,239.02,21.57467199,14.94467199,-27.94464217,-21.59481129
0.037,-21.2,-6.855333333,214.1119679,21.56532729,14.93532729,-27.82069816,-21.46999916
0.0392,-20.72,-6.7952,213.5376707,21.56508612,14.93508612,-27.76160473,-21.41051819
0.0414,-22.21,-6.757116667,212.8298107,21.56478707,14.93478707,-27.72404071,-21.37270691
0.0443,-22.05,-6.723525,211.4272289,21.56418861,14.93418861,-27.69058854,-21.33903248
0.0473,-22.57,-6.688775,209.1084268,21.56318161,14.93318161,-27.65561359,-21.30382275
0.05,-21.13,-6.6575,204.4066184,21.56106958,14.93106958,-27.6229884,-21.27097123
0.0527,-23.63,-6.833675,200.7241138,21.55934632,14.92934632,-27.79380505,-21.44289295
0.0547,-20.82,-6.964175,200.881663,21.55942134,14.92942134,-27.92162232,-21.57154565
0.0567,-21.81,-7.094675,201.0392123,21.55949624,14.92949624,-28.04943946,-21.70019822
0.0586,-24.75,-7.21865,201.188884,21.55956729,14.92956729,-28.17086562,-21.82241803
0.0605,-24.84,-7.25525,201.3385558,21.55963824,14.92963824,-28.20676068,-21.85854802
0.062,-23.56,-7.091,204.5604292,21.5611402,14.9311402,-28.04740615,-21.69816191
0.0635,-23.36,-6.92675,211.1446567,21.56406708,14.93406708,-27.88940802,-21.53914997
0.066,-21.1,-6.653,222.1183691,21.5685596,14.9385596,-27.62571277,-21.27376027
0.0685,-21.02,-6.37925,233.0920815,21.57262912,14.94262912,-27.3616171,-21.00796489
0.0706,-20.91,-6.2287,242.31,21.57576266,14.94576266,-27.21723016,-20.86265438
0.0727,-23.72,-6.27665,240.6237313,21.57520737,14.94520737,-27.26363871,-20.90936261
0.0744,-20.55,-6.315466667,239.2586567,21.57475212,14.94475212,-27.30120212,-20.94716855
0.0762,-20.77,-6.356566667,237.8132836,21.57426439,14.94426439,-27.34096975,-20.9871929
0.0782,-22.03,-6.402233333,237.0900284,21.5740181,14.9440181,-27.38543751,-21.0319496
0.0801,-23.55,-6.443166667,237.4278663,21.57413333,14.94413333,-27.4256161,-21.07239137
0.0818,-20.05,-6.440333333,237.7301422,21.57423616,14.94423616,-27.4229405,-21.06969893
0.0836,-23.92,-6.437333333,238.0501991,21.57434474,14.94434474,-27.42010723,-21.06684784
0.0862,-19.35,-6.433,247.9720711,21.57757193,14.94757193,-27.41893782,-21.06569099
0.0888,-22.9,-6.428666667,261.5867155,21.58160178,14.95160178,-27.41853259,-21.06530834
0.091,-20.71,-6.4185,264.7052,21.58246648,14.95246648,-27.40940394,-21.05612547
0.0931,-22.96,-6.40135,266.3665333,21.58291887,14.95291887,-27.39304696,-21.03966448
0.0979,-20.41,-6.36215,270.1638667,21.58393202,14.95393202,-27.35563975,-21.00201925
0.1027,-22.61,-6.42735,263.2821875,21.58207444,14.95207444,-27.41769374,-21.06446697
0.1075,-21.29,-6.57375,257.2932692,21.58037698,14.95037698,-27.55938506,-21.20707324
0.1097,-23.47,-6.64085,268.3144231,21.58344216,14.95344216,-27.62798514,-21.27614062
0.1118,-21.56,-6.587,272.9142105,21.58464822,14.95464822,-27.57642088,-21.22424707
0.1165,-21.38,-6.4225,300.9154037,21.59119469,14.96119469,-27.42162896,-21.06848499
0.1212,-21.27,-6.4104,324.019304,21.59574427,14.96574427,-27.41411603,-21.06095146
0.1238,-23.14,-6.6496,267.8895,21.58332866,14.95332866,-27.63644224,-21.28465226
0.1263,-22.33,-6.8796,275.1790032,21.58522723,14.95522723,-27.86338964,-21.51309403
0.1281,-22.1,-7.0452,270.44,21.58400459,14.95400459,-28.02432737,-21.67507541
0.1298,-23,-7.2016,277.2523188,21.585749,14.955749,-28.1790824,-21.83085225
0.132,-22,-7.332,247.8218321,21.57752499,14.94752499,-28.29890466,-21.9514058
0.1342,-21.67,-7.4552,210.6484713,21.56385289,14.93385289,-28.40649931,-22.0596178
0.136,-25,-7.556,204.7066667,21.56120726,14.93120726,-28.50265559,-22.15638567
0.1378,-21.28,-7.6568,185.9955556,21.55177173,14.92177173,-28.5923558,-22.24661285
0.1401,-20.98,-7.77768,209.7839119,21.56347725,14.93347725,-28.72181505,-22.37699097
0.1423,-21.82,-7.72664,212.0694041,21.5644636,14.9344636,-28.67279026,-22.32765209
0.1449,-22.17,-7.66632,214.7704404,21.56560222,14.93560222,-28.61482626,-22.26931657
0.1475,-22.17,-7.606,214.9761493,21.56568777,14.93568777,-28.55586098,-22.20996664
0.1498,-19.47,-7.55264,210.2800299,21.56369318,14.93369318,-28.50173061,-22.15547019
0.1521,-19.29,-7.50502,209.7680629,21.56347034,14.93347034,-28.45490386,-22.10833616
0.154,-20.26,-7.466133333,209.7478296,21.56346151,14.93346151,-28.41682963,-22.07001315
0.1558,-19.17,-7.429293333,209.7286613,21.56345314,14.93345314,-28.3807593,-22.03370714
0.1583,-19.79,-7.378126667,209.7020385,21.56344152,14.93344152,-28.33066162,-21.98328213
0.1608,-19.88,-7.339386667,209.6754158,21.56342989,14.93342989,-28.2927283,-21.94510093
0.1624,-21.29,-7.331493333,209.6583773,21.56342245,14.93342245,-28.2849945,-21.93731657
0.164,-20.61,-7.3236,209.6413387,21.56341501,14.93341501,-28.2772607,-21.9295322
0.1667,-19.62,-7.31028,209.6125862,21.56340245,14.93340245,-28.26420991,-21.91639608
0.1693,-20.54,-7.297453333,209.5848986,21.56339035,14.93339035,-28.25164248,-21.90374648
0.1728,-20.01,-7.37408,208.6721807,21.56298965,14.93298965,-28.32627057,-21.97885957
0.1764,-19.33,-7.47704,207.5971316,21.56251317,14.93251317,-28.42660415,-22.07984559
0.1793,-19.78,-7.55998,206.7311198,21.56212574,14.93212574,-28.50742506,-22.16119203
0.1822,-19.31,-7.3622,210.5345372,21.56380356,14.93380356,-28.3154155,-21.96793868
0.1857,-19.48,-7.0157,216.5819504,21.56634995,14.93634995,-27.97865254,-21.62899176
0.1892,-21.57,-6.6692,222.4028723,21.56867018,14.93867018,-27.64167599,-21.28982845
0.1911,-19.32,-6.560575,223.7891617,21.56920496,14.93920496,-27.53585349,-21.18331803
0.193,-21.57,-6.50975,228.4413615,21.57095217,14.94095217,-27.48776491,-21.13492625
0.195,-19.32,-6.45625,235.4585759,21.57345699,14.94345699,-27.43777924,-21.08462974
0.197,-20.56,-6.40275,242.4757903,21.57581684,14.94581684,-27.38765579,-21.03419363
0.199,-22.29,-6.34925,248.1719778,21.5776343,14.9476343,-27.33701616,-20.98323458
0.2009,-22.3,-6.324075,252.1394593,21.57885167,14.94885167,-27.31353201,-20.95960464
0.2036,-23.27,-6.3288,257.7774593,21.58051715,14.95051715,-27.31974297,-20.9658666
0.2063,-19.89,-6.333525,263.4154593,21.58211134,14.95211134,-27.32588602,-20.97205977
0.2101,-19.67,-6.346233333,271.3504222,21.58424279,14.95424279,-27.34035525,-20.98663686
0.2139,-20.13,-6.5831,270.9026719,21.58412584,14.95412584,-27.57210603,-21.21990077
0.2175,-20.23,-6.8075,265.4681736,21.58267495,14.95267495,-27.79038412,-21.43959564
0.2211,-20.17,-6.940966667,260.6795031,21.58134634,14.95134634,-27.91976685,-21.56981523
0.2249,-20.45,-6.8637,249.6631395,21.57809638,14.94809638,-27.84103974,-21.49055351
0.2287,-20.748,-6.786433333,237.5239954,21.57416606,14.94416606,-27.76166463,-21.41063531
0.2328,-20.39,-6.697,250.3211085,21.57829852,14.94829852,-27.67805322,-21.32650358
0.2402,-20.08,-6.54794,249.0457895,21.57790574,14.94790574,-27.53176785,-21.17926016
0.2435,-20.87,-6.76145,272.5884112,21.58456414,14.95456414,-27.74710497,-21.3960456
0.2454,-21.6,-6.88438,265.9650467,21.58281006,14.95281006,-27.86576847,-21.51547328
0.2474,-18.49,-7.01378,257.1116263,21.58032426,14.95032426,-27.99006949,-21.64057071
0.2506,-20.65,-7.176,225.5443372,21.56987261,14.93987261,-28.1389197,-21.79032789
0.2539,-19.99,-7.143,229.120399,21.57120126,14.94120126,-28.10788052,-21.75909426
0.2571,-20.6,-7.111,232.5880952,21.57245063,14.94245063,-28.07774487,-21.72876957
0.2603,-20.19,-7.08554,235.5997193,21.57350585,14.94350585,-28.05382646,-21.70470151
0.2637,-19.39,-7.12566,238.653803,21.57454874,14.94454874,-28.09409139,-21.745236
0.267,-20.1,-7.1646,241.6180606,21.57553574,14.94553574,-28.133148,-21.78455391
0.2697,-19.58,-7.19646,244.0433623,21.57632546,14.94632546,-28.16508639,-21.81670587
0.2724,-19.83,-7.1384,246.468664,21.57709963,14.94709963,-28.10898917,-21.76024705
0.2753,-20.5,-7.063966667,249.0736177,21.57791436,14.94791436,-28.03690313,-21.68769521
0.2781,-19.85,-6.9921,251.5887454,21.57868498,14.94868498,-27.96728769,-21.61762984
0.2813,-19.11,-6.96305,254.4631771,21.57954704,14.94954704,-27.93967158,-21.58983873
0.2845,-19.38,-7.011583333,257.3376088,21.58038984,14.95038984,-27.98798162,-21.63846962
0.2877,-19.06,-7.060116667,260.2120404,21.58121402,14.95121402,-28.03627386,-21.68708248
0.2908,-19.45,-7.075,262.9966461,21.58199527,14.95199527,-28.05158607,-21.7024996
0.2935,-19.45,-7.0075,265.4219478,21.58266235,14.95266235,-27.98614679,-21.63663702
0.2962,-20.03,-6.94,267.8472495,21.58331735,14.95331735,-27.92069611,-21.57076289
0.2984,-19.79,-6.885,269.8234213,21.58384235,14.95384235,-27.8673577,-21.51707934
0.3006,-20.04,-6.8438,271.799593,21.58435972,14.95435972,-27.82752051,-21.47698516
0.3027,-20.21,-6.8396,273.6859388,21.5848466,14.9548466,-27.82387258,-21.47331644
0.3048,-21.69,-6.8354,275.5722846,21.58532681,14.95532681,-27.82021831,-21.46964131
0.3074,-21.49,-6.8302,277.9077603,21.58591233,14.95591233,-27.81568538,-21.46508244
0.31,-21.27,-6.825,280.243236,21.58648809,14.95648809,-27.81114318,-21.46051416
0.313,-21.44,-6.7235,282.9380157,21.58714061,14.95714061,-27.71240895,-21.36113905
0.3161,-22.82,-6.618616667,285.7226214,21.58780196,14.95780196,-27.6103714,-21.25843911
0.3196,-25.14,-6.5002,288.866531,21.58853332,14.95853332,-27.49515328,-21.14247293
0.3231,-23.16,-6.6024,292.0104406,21.58924893,14.95924893,-27.59587472,-21.24385678
0.3261,-24.23,-6.7144,294.7052203,21.58985015,14.95985015,-27.70608004,-21.35478576
0.329,-25.63,-6.822666667,297.310174,21.59042098,14.96042098,-27.81260186,-21.46200699
0.3324,-24.359,-7.0936,287.7705102,21.58828017,14.95828017,-28.07577253,-21.72688336
0.3357,-24.19,-7.4148,278.1410204,21.58597027,14.95597027,-28.387988,-22.04112387
0.3385,-25.38,-7.687333333,269.9705442,21.58388113,14.95388113,-28.65277634,-22.30762883
0.3412,-23.37,-7.758133333,262.0918707,21.58174324,14.95174324,-28.72004788,-22.37532644
0.3433,-24.75,-7.626533333,255.9640136,21.57998946,14.94998946,-28.58956038,-22.24397559
0.3454,-25.41,-7.494933333,249.8361565,21.57814963,14.94814963,-28.45899061,-22.11254139
0.3474,-23.74,-7.3696,244.000102,21.57631151,14.94631151,-28.3345563,-21.98728273
0.3494,-21.45,-7.244266667,238.1640476,21.5743833,14.9443833,-28.21003584,-21.8619368
0.3519,-21.99,-7.3232,230.8689796,21.57183595,14.94183595,-28.28487917,-21.93725311
0.3545,-22.21,-7.482666667,223.2821088,21.56901013,14.93901013,-28.43829101,-22.09164942
0.3576,-20.45,-7.6728,214.2362245,21.5653793,14.9353793,-28.6209575,-22.27548646
0.3607,-21.92,-7.771,214.7030952,21.56557418,14.93557418,-28.71726977,-22.37242911
0.3639,-20.9,-7.547,219.2021429,21.56740962,14.93740962,-28.49974396,-22.1534938
0.3671,-20.49,-7.323,223.6971282,21.56916966,14.93916966,-28.28214723,-21.93448665
0.3697,-21.43,-7.141,227.2997949,21.57053006,14.94053006,-28.10528418,-21.75647677
0.3723,-20.56,-7.0487,230.9024615,21.57184801,14.94184801,-28.01618708,-21.66680589
0.3753,-22.44,-6.9557,235.0593846,21.57331851,14.94331851,-27.92655015,-21.57659262
0.3783,-21.36,-6.8627,239.2163077,21.57473791,14.94473791,-27.83686485,-21.48633034
0.3826,-22.08,-6.709466667,245.1745641,21.57668845,14.94668845,-27.68872414,-21.33723413
0.3869,-18.86,-6.5432,251.4684141,21.57864846,14.94864846,-27.52783499,-21.17530625
0.3939,-18.71,-6.249319048,265.8662115,21.58278323,14.95278323,-27.2440988,-20.88974248
0.3976,-19.5,-6.084228571,273.4764758,21.58479286,14.95479286,-27.08441006,-20.72902319
0.4014,-19.61,-6.135182857,281.2924229,21.58674363,14.95674363,-27.13614547,-20.78110877
0.405,-19.59,-6.541571429,288.6970044,21.58849429,14.95849429,-27.53561329,-21.18319698
0.4087,-20.3,-6.959248571,296.3072687,21.5902024,14.9602024,-27.94608925,-21.59636498
0.4129,-20.11,-7.459026667,288.3586598,21.58841625,14.95841625,-28.43360639,-22.08705555
0.4171,-20.13,-7.970306667,278.6640206,21.58609982,14.95609982,-28.93188004,-22.58856959
0.4206,-20.91,-8.311733333,274.2870684,21.58500035,14.95500035,-29.26504762,-22.92390665
0.4242,-20.12,-8.242133333,273.3812052,21.5847684,14.9547684,-29.19669777,-22.85510887
0.4263,-21.56,-8.201533333,272.852785,21.58463238,14.95463238,-29.15682634,-22.81497614
0.4284,-20.88,-8.160933333,272.3243648,21.58449584,14.95449584,-29.11695439,-22.77484288
0.4301,-19.99,-8.1276,271.8965961,21.58438492,14.95438492,-29.08421992,-22.74189388
0.4361,-21.35,-7.9836,270.3868241,21.58399062,14.95399062,-28.94288761,-22.59963588
0.4377,-21.19,-7.9452,269.9842182,21.58388473,14.95388473,-28.90519826,-22.56169968
0.4414,-18.44,-7.841,269.0531922,21.58363865,14.95363865,-28.80296584,-22.4587979
0.4479,-19.91,-7.6135,267.4176059,21.58320218,14.95320218,-28.57985734,-22.23422926
0.4509,-18.01,-7.512325,266.6627199,21.58299893,14.95299893,-28.4806266,-22.13434904
0.4538,-19.44,-7.42315,265.9329967,21.58280136,14.95280136,-28.3931477,-22.04629746
0.4561,-24.49,-7.352425,265.3542508,21.5826439,14.9526439,-28.32376712,-21.97646267
0.4583,-19.94,-7.284775,264.8006678,21.58249263,14.95249263,-28.25740245,-21.90966355
0.4609,-22.14,-7.166125,264.1464332,21.58231304,14.95231304,-28.14108827,-21.79258844
0.4636,-21.8,-6.967,263.4670358,21.58212561,14.95212561,-27.9459917,-21.59621627
0.4663,-22.92,-6.767875,262.7876384,21.5819372,14.9519372,-27.75089415,-21.39984309
0.4691,-17.9,-6.561375,262.0830782,21.58174079,14.95174079,-27.5485697,-21.19619576
0.4735,-20.13,-6.427916667,260.9759121,21.58142999,14.95142999,-27.41763489,-21.0644037
0.4779,-19.92,-6.343583333,259.8687459,21.58111655,14.95111655,-27.33478471,-20.98101035
0.4816,-21.59,-6.3988,258.9377199,21.5808509,14.9508509,-27.38858199,-21.03515739
0.4878,-24.33,-6.768733333,257.3776221,21.58040144,14.95040144,-27.75027275,-21.39920802
0.4927,-24.48,-7.0458,256.1446417,21.58004235,14.95004235,-28.02114486,-21.67184732
0.4952,-23.3,-7.1808,255.51557,21.57985781,14.94985781,-28.15311753,-21.80468093
0.4988,-19.65,-7.3752,254.6097068,21.57959046,14.94959046,-28.34315675,-21.99595987
0.5095,-20.46,-7.307,251.9172801,21.57878451,14.94878451,-28.27563076,-21.92798774
0.5166,-19.47,-7.1416,250.1307166,21.57824014,14.94824014,-28.11320661,-21.76449918
0.5308,-22.36,-6.9508,246.5575896,21.57712773,14.94712773,-27.92537827,-21.57543692
0.5339,-20.66,-7.1089,245.7775407,21.57688058,14.94688058,-28.07990384,-21.73097036
0.537,-20.11,-7.267,244.9974919,21.57663185,14.94663185,-28.23442799,-21.88650236
0.5405,-20.46,-7.412,244.1167915,21.57634912,14.94634912,-28.37609656,-22.02909458
0.544,-20.46,-7.356,238.0604348,21.57434821,14.94434821,-28.31937613,-21.97199112
0.5477,-20.3,-7.2968,229.1502717,21.57121219,14.94121219,-28.25844331,-21.91064066
0.5514,-20.21,-7.221966667,220.2401087,21.56782242,14.93782242,-28.18196546,-21.83364202
0.5544,-22.05,-7.140466667,213.0156522,21.56486578,14.93486578,-28.09937323,-21.75049177
0.5574,-21.19,-7.058966667,205.7911957,21.56170155,14.93170155,-28.01658301,-21.66714093
0.5614,-21.46,-6.9503,200.7696092,21.559368,14.929368,-27.90798938,-21.55782332
0.5655,-23.72,-6.838916667,204.3998934,21.56106649,14.93106649,-27.80057315,-21.44971602
0.5683,-21.07,-6.76285,206.8791119,21.56219218,14.93219218,-27.72718332,-21.37585382
0.5711,-20.93,-6.696958333,209.3583304,21.56329121,14.93329121,-27.66372851,-21.31199137
0.5741,-23.15,-6.643208333,212.0146359,21.56444021,14.93444021,-27.61220677,-21.26014025
0.5772,-21.46,-6.587666667,214.7594849,21.56559766,14.93559766,-27.55893933,-21.2065321
0.5823,-21.02,-6.485175,219.2752043,21.5674388,14.9374388,-27.46036408,-21.10732443
0.5858,-20.93,-6.40555,222.3742274,21.56865906,14.93865906,-27.38358192,-21.03004834
0.5911,-24.14,-6.291666667,227.0670337,21.57044347,14.94044347,-27.27380213,-20.9195626
0.5928,-21.83,-6.263333333,228.5722735,21.57100031,14.94100031,-27.24659729,-20.89218352
0.5949,-20.8,-6.228333333,230.4316874,21.57167813,14.94167813,-27.21298178,-20.85835267
0.5971,-21.72,-6.191666667,232.3796448,21.57237658,14.94237658,-27.1777545,-20.82289964
0.5991,-24.42,-6.158333333,234.1505151,21.57300146,14.94300146,-27.14572013,-20.79065993
0.601,-20.78,-6.158,235.8328419,21.5735864,14.9435864,-27.14595089,-20.79089585
0.6034,-20.39,-6.1932,237.9578863,21.57431345,14.94431345,-27.18109988,-20.82627901
0.6057,-19.75,-6.226933333,239.9943872,21.57499813,14.94499813,-27.21477279,-20.86017617
0.6086,-21.06,-6.269466667,242.5621492,21.57584503,14.94584503,-27.25721426,-20.90290019
0.6115,-16.9,-6.356,245.1299112,21.57667419,14.94667419,-27.34270945,-20.98895905
0.6134,-17.77,-6.4396,246.812238,21.57720807,14.94720807,-27.42505202,-21.07184285
0.6153,-17.78,-6.5232,248.4945648,21.57773473,14.94773473,-27.50738762,-21.15471959
0.6202,-17.52,-6.7492,240.9292507,21.57530856,14.94530856,-27.72630497,-21.37505181
0.6219,-16.62,-6.9124,237.2455908,21.5740712,14.9440712,-27.8848808,-21.53465577
0.6237,-16.36,-7.0852,233.345245,21.57271849,14.94271849,-28.05274453,-21.70360759
0.6275,-16.97,-7.45,225.1111816,21.56970881,14.93970881,-28.40697856,-22.06013679
0.6307,-17.66,-7.67355,218.1772334,21.56699815,14.93699815,-28.62323098,-22.27778492
0.634,-17.73,-7.596,211.0265994,21.56401621,14.93401621,-28.54448253,-22.1985034
0.6376,-18.49,-7.5114,203.2259078,21.56052386,14.93052386,-28.45834699,-22.11178335
0.6411,-18.74,-7.461508333,195.641902,21.55686151,14.92686151,-28.4060251,-22.05909677
0.6446,-18.16,-7.482216667,188.0578963,21.55290378,14.92290378,-28.42253234,-22.07568709
0.648,-18.36,-7.502333333,180.6905764,21.548741,14.918741,-28.43826552,-22.09149701
0.6531,-18.47,-7.532508333,178.7986486,21.54761664,14.91761664,-28.46673469,-22.12014513
0.656,-16.87,-7.549666667,185.162973,21.55130756,14.92130756,-28.48704124,-22.14060742
0.6732,-20,-6.9852,213.8576744,21.56522066,14.93522066,-27.94772187,-21.59785198
0.6771,-18.16,-6.662475,219.1495221,21.56738858,14.93738858,-27.6338731,-21.28196658
0.6796,-19.22,-6.4556,222.4941912,21.56870561,14.93870561,-27.43261952,-21.07940656
0.6841,-18.44,-6.300525,228.5145956,21.57097911,14.94097911,-27.28298344,-20.92880724
0.6861,-18.06,-6.241025,231.1903309,21.57195154,14.94195154,-27.2256658,-20.87112126
0.6885,-18.31,-6.169625,234.4012132,21.57308916,14.94308916,-27.15685687,-20.80186996
0.6908,-18.55,-6.1346,237.4783088,21.57415051,14.94415051,-27.12358226,-20.76838464
0.6936,-17.95,-6.1682,241.2243382,21.57540604,14.94540604,-27.15766832,-20.80270122
0.6964,-17.91,-6.2018,244.9703676,21.57662317,14.94662317,-27.19171773,-20.83698068
0.6999,-18.49,-6.2438,249.6529044,21.57809322,14.94809322,-27.23423046,-20.87978032
0.7035,-18.63,-6.75775,263.11,21.58202672,14.95202672,-27.74106824,-21.38995356
0.7064,-17.52,-7.1826,258.9434909,21.58085255,14.95085255,-28.15582582,-21.80741313
0.7093,-17.81,-7.60745,254.7769818,21.57963997,14.94963997,-28.57054784,-22.22483667
0.7122,-17.95,-7.737133333,250.6104727,21.57838708,14.94838708,-28.69630053,-22.35140299
0.7152,-17.44,-7.774133333,246.3002909,21.57704638,14.94704638,-28.73124432,-22.38656666
0.7188,-18.08,-7.818533333,241.1280727,21.57537427,14.94537427,-28.77311683,-22.42870225
0.7223,-17.15,-7.653166667,236.0995273,21.57367836,14.94367836,-28.60963007,-22.26413693
0.7254,-17.57,-7.410333333,231.6456727,21.57211479,14.94211479,-28.37043778,-22.02337237
0.7285,-17.86,-7.1675,227.1918182,21.57048991,14.94048991,-28.13118644,-21.78254798
0.7317,-18.07,-7.0602,223.1109813,21.56894417,14.93894417,-28.02468138,-21.67533752
0.7349,-17.17,-7.0794,220.8754673,21.56807319,14.93807319,-28.04264732,-21.69341536
0.7379,-18.12,-7.0974,218.7796729,21.56724048,14.93724048,-28.05947503,-21.71034779
0.741,-17.97,-7.197333333,216.6140187,21.56636308,14.93636308,-28.15646389,-21.80796473
0.7433,-17.01,-7.3982,215.007243,21.56570068,14.93570068,-28.35246002,-22.00523705
0.7456,-16.14,-7.599066667,213.4004673,21.56502831,14.93502831,-28.54844691,-22.20250001
0.7481,-17.7,-7.8174,211.653972,21.5642859,14.9342859,-28.76146543,-22.41690542
0.7506,-17.74,-7.963933333,209.9074766,21.56353113,14.93353113,-28.9041881,-22.5605557
0.753,-17.55,-7.886333333,208.6206237,21.56296691,14.93296691,-28.82768973,-22.48355408
0.7554,-17.49,-7.808733333,208.5031183,21.56291505,14.93291505,-28.75167838,-22.40704587
0.761,-17.84,-7.635333333,208.2289391,21.5627938,14.9327938,-28.58182317,-22.23608033
0.7641,-17.12,-7.558866667,208.0771613,21.56272654,14.93272654,-28.50690657,-22.16067392
0.7672,-17.65,-7.4824,207.9253835,21.56265918,14.93265918,-28.43198987,-22.08526741
0.7701,-17.6,-7.40775,207.7833978,21.56259608,14.93259608,-28.35885554,-22.01165493
0.773,-18.11,-7.245833333,207.6414122,21.5625329,14.9325329,-28.20029641,-21.85205963
0.78,-17.7,-6.855,207.2986882,21.56238002,14.93238002,-27.81756707,-21.46682917
0.7886,-18,-7.7795,206.8776272,21.56219151,14.93219151,-28.72237418,-22.37754571
0.7947,-17.37,-7.839525,206.5789677,21.56205733,14.93205733,-28.78100466,-22.43655836
0.7973,-18.37,-7.789475,206.4516703,21.56200003,14.93200003,-28.73195658,-22.38718951
0.8,-17.34,-7.7375,206.3194767,21.56194044,14.93194044,-28.68102195,-22.33592178
0.8027,-18.64,-7.481675,206.1872832,21.56188078,14.93188078,-28.43053986,-22.08380306
0.8053,-18.78,-7.235325,206.0599857,21.56182325,14.93182325,-28.18933479,-21.84102197
0.8078,-18.51,-6.99845,205.9375842,21.56176787,14.93176787,-27.95740675,-21.60757852
0.8103,-18.44,-6.7921,205.8151828,21.56171242,14.93171242,-27.75535935,-21.4042109
0.8118,-17.72,-6.8026,205.7417419,21.56167912,14.93167912,-27.76560603,-21.41452432
0.815,-22.73,-6.825,205.5850681,21.561608,14.931608,-27.78746556,-21.4365262
0.8206,-18.14,-6.8501,205.3108889,21.56148328,14.93148328,-27.8119171,-21.46113668
0.8226,-17.36,-6.8171,205.2129677,21.56143866,14.93143866,-27.77957114,-21.42857915
0.8246,-16.64,-6.7841,205.1150466,21.561394,14.931394,-27.74722514,-21.39602157
0.8269,-17.8,-6.74615,205.0024373,21.56134258,14.93134258,-27.71002719,-21.3585803
0.8293,-17.96,-6.70655,204.8849319,21.56128886,14.93128886,-27.67121187,-21.31951108
0.8322,-18.21,-6.6565,204.7429462,21.56122388,14.93122388,-27.62215638,-21.27013473
0.8352,-16.86,-6.604,204.5960645,21.56115655,14.93115655,-27.57070037,-21.21834216
0.838,-18.27,-6.555,204.4589749,21.56109363,14.93109363,-27.52267467,-21.17000234
0.8408,-16.61,-6.5232,204.3218853,21.56103062,14.93103062,-27.49148586,-21.1386094
0.8434,-17.53,-6.5336,204.1945878,21.56097204,14.93097204,-27.50161059,-21.1487999
0.8461,-17.88,-6.5444,204.0623943,21.56091113,14.93091113,-27.51212466,-21.15938227
0.8485,-18.22,-6.554,203.9448889,21.56085692,14.93085692,-27.52147043,-21.16878876
0.8534,-17.2,-6.9255,203.7049821,21.56074605,14.93074605,-27.88502412,-21.53471666
0.8558,-17.28,-7.1835,203.5874767,21.56069165,14.93069165,-28.1375271,-21.78886876
0.8588,-17.26,-7.506,203.440595,21.56062356,14.93062356,-28.45315577,-22.10655885
0.8618,-14.9,-7.6368,203.2937133,21.56055537,14.93055537,-28.58113032,-22.23536896
0.8655,-15.33,-7.6405,203.1125591,21.56047113,14.93047113,-28.58467214,-22.23893338
0.8692,-18.07,-7.6442,202.931405,21.56038675,14.93038675,-28.5882138,-22.24249766
0.873,-18.68,-7.7585,202.7453548,21.56029993,14.93029993,-28.70001891,-22.35503259
0.8769,-14.11,-7.90605,202.5544086,21.56021065,14.93021065,-28.84436996,-22.50032605
0.8769,-15.64,-7.90605,202.5544086,21.56021065,14.93021065,-28.84436996,-22.50032605
0.8799,-18.06,-8.01955,202.4075269,21.56014187,14.93014187,-28.95540914,-22.61209015
0.883,-18.78,-7.908333333,202.2557491,21.56007068,14.93007068,-28.84647204,-22.50244098
0.8856,-17.95,-7.808666667,202.1284516,21.5600109,14.9300109,-28.748852,-22.40418287
0.8882,-18.14,-7.709,202.0011541,21.55995104,14.92995104,-28.65123188,-22.30592467
0.8904,-17.78,-7.614,201.8934409,21.55990033,14.92990033,-28.55818863,-22.2122733
0.8926,-18.1,-7.471,202.6350635,21.56024838,14.93024838,-28.41853765,-22.07171224
0.8945,-18.01,-7.3475,204.8473788,21.56127168,14.93127168,-28.2986175,-21.95101511
0.8964,-18.57,-7.224,207.0596941,21.56227312,14.93227312,-28.17867679,-21.83029716
0.8982,-18.01,-7.107,209.1555717,21.5632023,14.9332023,-28.06503037,-21.71591416
0.8999,-18.35,-6.9965,211.1350117,21.56406293,14.93406293,-27.95768172,-21.60786964
0.9035,-18.27,-7.16325,215.3267669,21.56583319,14.93583319,-28.12259598,-21.77387227
0.9071,-17.73,-7.34145,219.5185222,21.56753585,14.93753585,-28.29865363,-21.95109065
0.9121,-19.68,-7.50215,225.3404045,21.56979557,14.93979557,-28.45810996,-22.11160275
0.917,-18.25,-7.542166667,231.0458491,21.57189961,14.94189961,-28.49928261,-22.15305752
0.9203,-17.95,-7.548866667,234.8882914,21.57325902,14.94325902,-28.5071339,-22.16096859
0.9237,-18.28,-7.347133333,238.8471714,21.57461387,14.94461387,-28.3109494,-21.96351101
0.9282,-18.55,-7.080133333,244.0868654,21.57633948,14.94633948,-28.05122995,-21.70210577
0.9327,-18.05,-6.900883333,250.6910189,21.5784117,14.9484117,-27.87773773,-21.5274932
0.936,-19.82,-6.812333333,256.5526165,21.58016155,14.95016155,-27.79272342,-21.4419345
0.9392,-18.48,-6.726466667,262.2365899,21.58178367,14.95178367,-27.71021448,-21.35889674
0.9427,-18.69,-6.66495,268.4534357,21.58347922,14.95347922,-27.65161124,-21.29992129
0.9462,-18.31,-6.613033333,274.6702816,21.58509801,14.95509801,-27.60233229,-21.25033056
0.9488,-18.63,-6.574466667,279.28851,21.58625389,14.95625389,-27.56568077,-21.21344685
0.9515,-18.09,-6.654666667,293.7414286,21.58963639,14.95963639,-27.64740562,-21.29572673
0.9562,-18.31,-6.961733333,304.097,21.59186225,14.96186225,-27.95010086,-21.60041318
0.9608,-18.45,-7.168133333,303.66,21.59177139,14.96177139,-28.15205205,-21.803683
0.9653,-18.41,-6.932633333,303.2325,21.59168225,14.96168225,-27.92144462,-21.57156863
0.9697,-18.58,-6.702366667,302.8145,21.59159485,14.96159485,-27.69596153,-21.34461207
0.9742,-19.11,-6.635566667,302.387,21.59150521,14.96150521,-27.63048805,-21.27871034
0.9787,-17.75,-6.580816667,301.9595,21.59141531,14.96141531,-27.57680963,-21.22468072
0.9844,-19.27,-6.664,301.418,21.59130108,14.96130108,-27.65812615,-21.30652771
0.99,-19.85,-6.79,300.886,21.59118846,14.96118846,-27.78135596,-21.43056178
0.9953,-19.13,-6.560333333,300.3825,21.5910815,14.9610815,-27.55644146,-21.2041774
1,-19.35,-6.356666667,299.936,21.59098634,14.96098634,-27.35698864,-21.00342111
1.0047,-15.72,-6.5619,299.4895,21.59089091,14.96089091,-27.55779359,-21.20553718
1.0078,-19.01,-6.697266667,299.195,21.5908278,14.9608278,-27.69023928,-21.33884765
1.0109,-20.31,-6.755593333,298.9005,21.59076458,14.96076458,-27.74727307,-21.3962536
1.0133,-15.41,-6.654953333,298.6725,21.59071554,14.96071554,-27.64871337,-21.29704977
1.0156,-20.08,-6.558506667,298.454,21.59066848,14.96066848,-27.55426025,-21.20197936
1.0187,-19.84,-6.428513333,298.1595,21.59060494,14.96060494,-27.42695375,-21.07384086
1.0218,-19.62,-6.38408,297.865,21.59054127,14.96054127,-27.38339887,-21.03000107
1.0244,-16.48,-6.39864,297.618,21.59048777,14.96048777,-27.39760022,-21.04429486
1.027,-17.94,-6.4132,297.371,21.59043419,14.96043419,-27.41180149,-21.05858856
1.0293,-21.7,-6.42608,297.1525,21.59038671,14.96038671,-27.42436409,-21.07123292
1.0316,-22.08,-6.461466667,296.934,21.59033917,14.96033917,-27.45895762,-21.10605213
1.0375,-22.84,-6.5775,296.3735,21.59021688,14.96021688,-27.5724223,-21.22025723
1.0409,-21.03,-6.702116667,296.0505,21.5901462,14.9601462,-27.69433806,-21.34296893
1.0443,-21.35,-6.98715,295.7275,21.59007536,14.96007536,-27.97328014,-21.62373269
1.047,-21.4,-7.2135,295.471,21.590019,14.960019,-28.19479289,-21.84669207
1.0497,-18.88,-7.43985,295.2145,21.58996254,14.95996254,-28.41630557,-22.06965139
1.0528,-18.83,-7.114533333,294.92,21.5898976,14.9598976,-28.09780226,-21.74906712
1.0559,-19.7,-6.726516667,294.6255,21.58983252,14.95983252,-27.71792386,-21.36670684
1.0588,-20,-6.363533333,294.35,21.58977153,14.95977153,-27.36255358,-21.0090148
1.0616,-19.57,-6.202133333,294.084,21.58971253,14.95971253,-27.20450835,-20.8499368
1.0637,-20.21,-6.187433333,293.8845,21.58966821,14.95966821,-27.19007681,-20.83541071
1.0658,-19.24,-6.172733333,293.685,21.58962383,14.95962383,-27.17564521,-20.82088456
1.0679,-19.15,-6.158033333,293.4855,21.58957939,14.95957939,-27.16121355,-20.80635836
1.07,-18.97,-6.143333333,293.286,21.58953489,14.95953489,-27.14678183,-20.79183209
1.0754,-18.09,-6.184733333,278.0337705,21.58594364,14.95594364,-27.18388712,-20.82915727
1.0789,-18.98,-6.211566667,257.86,21.58054099,14.95054099,-27.20500885,-20.85038315
1.0848,-18.2,-6.3608,240.2164593,21.57507209,14.94507209,-27.3458827,-20.992143
1.0912,-17.3,-6.509333333,231.7386364,21.57214804,14.94214804,-27.48849548,-21.13566908
1.0951,-18.42,-6.496333333,256.8901263,21.58025988,14.95025988,-27.4834923,-21.13068399
1.0979,-18.22,-6.487,298.0294947,21.59057685,14.96057685,-27.4841776,-21.13143834
1.1008,-18.28,-6.4632,312.2852703,21.59351775,14.96351775,-27.46368029,-21.11082554
1.1037,-18.98,-6.4023,279.0335526,21.58619107,14.95619107,-27.3970922,-21.04375663
1.1065,-16.69,-6.3435,249.5055556,21.57804781,14.94804781,-27.33178132,-20.97796814
1.1093,-18.74,-6.2847,275.3466129,21.58526971,14.95526971,-27.28109981,-20.92700077
1.1121,-19.46,-6.38865,256.7968,21.58023271,14.95023271,-27.37805785,-21.02456064
1.1148,-19.04,-6.5412,231.112439,21.57192355,14.94192355,-27.51947553,-21.1668501
1.1175,-19.32,-6.69375,217.0344615,21.56653479,14.93653479,-27.66367517,-21.31195798
1.1214,-17.98,-6.9169,231.9061905,21.5722079,14.9422079,-27.88751268,-21.53729319
1.1287,-19.18,-7.34395,246.0987975,21.57698255,14.94698255,-28.31008631,-21.9626571
1.1322,-19.01,-7.3111,258.8325714,21.58082077,14.95082077,-28.28158104,-21.93398963
1.137,-19.3,-7.0735,293.3800578,21.58955588,14.95955588,-28.057311,-21.70830921
1.1417,-19.37,-6.8145,291.1880312,21.58906322,14.95906322,-27.80331568,-21.45265165
1.1504,-19.33,-6.2672,273.7194118,21.58485518,14.95485518,-27.26357486,-20.90935874
1.1558,-22.01,-6.1619,272.0597011,21.58442725,14.95442725,-27.16009222,-20.80519744
1.1611,-20.84,-6.091366667,302.0008491,21.59142402,14.96142402,-27.09771249,-20.74245404
1.1673,-19.85,-6.155433333,267.0565138,21.58310511,14.95310511,-27.15250311,-20.79755048
1.171,-18.34,-6.188666667,282.087821,21.58693609,14.95693609,-27.18868241,-20.8339901
1.1748,-20.13,-6.208933333,276.9472244,21.58567271,14.95567271,-27.20731779,-20.8527393
1.1774,-18.32,-6.2228,273.4299741,21.58478092,14.95478092,-27.22004228,-20.86554133
1.18,-18.27,-6.236666667,258.4126316,21.58070023,14.95070023,-27.22973025,-20.87526703
1.1837,-18.75,-6.357225,227.3833766,21.57056111,14.94056111,-27.33808821,-20.98426935
1.1873,-19.45,-6.474525,262.3423333,21.58181318,14.95181318,-27.46362339,-21.11069502
1.1949,-19.81,-6.808725,208.6827273,21.5629943,14.9329943,-27.77285342,-21.42182728
1.1977,-18.87,-6.949425,204.2547719,21.56099975,14.93099975,-27.90868559,-21.55853428
1.2005,-18.88,-7.0755,199.845894,21.55892597,14.92892597,-28.03012655,-21.68075558
1.2022,-18.14,-7.1112,197.1690752,21.55762165,14.92762165,-28.06383217,-21.71467322
1.2039,-18.54,-7.1469,199.8245714,21.55891572,14.92891572,-28.10000997,-21.75109545
1.2052,-18.44,-7.1742,208.6088571,21.56296172,14.93296172,-28.13058304,-21.78189354
1.2064,-17.87,-7.1994,216.7174286,21.56640537,14.93640537,-28.15852716,-21.81004175
1.2075,-18.84,-7.2225,223.6701858,21.56915932,14.93915932,-28.18375933,-21.83545597
1.2086,-18.34,-7.2456,230.3893808,21.57166283,14.94166283,-28.20875311,-21.86062868
1.2096,-17.93,-7.2666,236.4977399,21.57381529,14.94381529,-28.23135721,-21.8833939
1.2106,-18.48,-7.2555,235.7959761,21.57357367,14.94357367,-28.22026178,-21.87222448
1.2117,-19.05,-7.21975,230.2346215,21.57160681,14.94160681,-28.18339568,-21.83510525
1.2128,-21.24,-7.184,235.5460606,21.57348728,14.94348728,-28.15018952,-21.80169394
1.2139,-18.15,-7.14825,269.8516162,21.58384979,14.95384979,-28.12505287,-21.77645791
1.215,-18.26,-7.1125,283.7076289,21.5873247,14.9573247,-28.09336412,-21.74458389
1.2161,-17.8,-7.07675,274.7545361,21.58511944,14.95511944,-28.05627147,-21.70723515
1.2185,-18.29,-6.99875,297.8654717,21.59054137,14.96054137,-27.98507838,-21.63561092
1.2198,-17.79,-6.9565,288.7044681,21.58849601,14.95849601,-27.94177511,-21.59201198
1.2213,-18.64,-6.86355,277.2097872,21.58573838,14.95573838,-27.84816517,-21.4977733
1.2228,-17.64,-6.7638,265.7151064,21.58274216,14.95274216,-27.74767132,-21.39660425
1.2246,-18.47,-6.6441,257.4408696,21.58041977,14.95041977,-27.62828968,-21.27642823
1.2265,-18.27,-6.51775,267.8495652,21.58331797,14.95331797,-27.50736771,-21.1547345
1.2285,-18.08,-6.38475,286.854338,21.58806707,14.95806707,-27.38169912,-21.02827473
1.2306,-17.61,-6.2895,311.0664507,21.59327685,14.96327685,-27.29342243,-20.93945401
1.2328,-18.27,-6.306,259.6841085,21.58106402,14.95106402,-27.29794531,-20.94392998
1.2351,-18.98,-6.32325,278.4621053,21.58604986,14.95604986,-27.31957809,-20.96573528
1.2389,-19.14,-6.35175,270.2546903,21.5839559,14.9539559,-27.34548222,-20.99179552
1.2427,-18.43,-6.7596,288.8277485,21.58852439,14.95852439,-27.74906307,-21.39804127
1.2453,-18.24,-7.1444,273.9707179,21.58491952,14.95491952,-28.12230189,-21.77369565
1.2479,-19.25,-7.5292,250.3813846,21.57831698,14.94831698,-28.49269263,-22.14646461
1.2508,-18.21,-7.763733333,224.0702051,21.56931257,14.93931257,-28.7137109,-22.36887036
1.2538,-18.46,-7.477733333,207.4837931,21.56246265,14.93246265,-28.4272348,-22.08048004
1.2562,-17.53,-7.248933333,217.6051724,21.5667668,14.9367668,-28.20735861,-21.85919445
1.2586,-17.25,-7.020133333,227.7265517,21.57068836,14.94068836,-27.98712024,-21.63754192
1.2616,-18.55,-6.7992,240.3782759,21.57512589,14.94512589,-27.77507515,-21.42413943
1.2646,-18.74,-6.6352,242.224669,21.57573475,14.94573475,-27.61511828,-21.26314147
1.2681,-19.45,-6.443866667,243.944097,21.57629344,14.94629344,-27.42835781,-21.07516452
1.2717,-18.3,-6.3247,245.7126516,21.57685995,14.94685995,-27.31224741,-20.95829918
1.2744,-18.78,-6.3004,247.0390675,21.5772795,14.9472795,-27.28886014,-20.93476176
1.2771,-17.73,-6.2761,248.3654835,21.57769457,14.94769457,-27.26546862,-20.91122004
1.2797,-18.45,-6.2527,249.6427729,21.5780901,14.9480901,-27.2429395,-20.88854623
1.2823,-18.37,-6.43745,250.9200623,21.57848161,14.94848161,-27.42415988,-21.07095286
1.2852,-18.41,-6.6738,252.3447313,21.57891361,14.94891361,-27.65592871,-21.30423839
1.288,-18.44,-6.902,253.7202737,21.57932611,14.94932611,-27.87970095,-21.52947497
1.2906,-17.95,-7.0319,254.9975631,21.57970516,14.94970516,-28.00721766,-21.65782703
1.2932,-17.82,-6.888466667,256.2748526,21.58008044,14.95008044,-27.86717131,-21.51686819
1.3077,-19.01,-6.243833333,263.3981974,21.58210656,14.95210656,-27.23808465,-20.88368482
1.3119,-18.53,-6.243133333,265.4615111,21.58267313,14.95267313,-27.23793893,-20.88354169
1.3162,-19.28,-6.423733333,267.5739513,21.58324414,14.95324414,-27.41526707,-21.06203177
1.3244,-19.27,-6.688933333,271.6023256,21.58430841,14.95430841,-27.67587708,-21.32435083
1.3296,-18.52,-6.813733333,274.1569044,21.58496711,14.95496711,-27.79866713,-21.4479471
1.3349,-20.92,-6.805366667,276.7606098,21.58562597,14.95562597,-27.79110425,-21.44033894
1.3378,-19.31,-6.794733333,278.1852787,21.58598125,14.95598125,-27.78103371,-21.43020484
1.3407,-19.44,-6.734633333,279.6099477,21.58633292,14.95633292,-27.72253831,-21.37132953
1.3436,-19.46,-6.519066667,281.0346167,21.58668101,14.95668101,-27.51185798,-21.15927515
1.3465,-18.74,-6.3035,282.4592856,21.5870256,14.9570256,-27.30117445,-20.94721753
1.3507,-19.29,-6.054066667,284.5225993,21.58751854,14.95751854,-27.05748133,-20.70193562
1.355,-19.43,-6.12,277.1841649,21.58573197,14.95573197,-27.12032001,-20.7651736
1.3642,-18.97,-6.369216667,256.3545198,21.58010372,14.95010372,-27.35891222,-21.00528914
1.3686,-18.66,-6.549983333,246.3925157,21.57707556,14.94707556,-27.53297775,-21.18047276
1.373,-17.09,-6.50625,236.4305115,21.57379221,14.94379221,-27.48704246,-21.13421686
1.376,-16.66,-6.405,229.6382359,21.57139023,14.94139023,-27.38564382,-21.03214081
1.3791,-18.99,-6.300375,222.6195511,21.56875421,14.93875421,-27.2807181,-20.92651317
1.3821,-21.23,-6.2301,216.9209214,21.56648848,14.93648848,-27.20976931,-20.85508672
1.385,-21.08,-6.175,221.6635063,21.56838222,14.93838222,-27.15763595,-20.80262467
1.3879,-20.88,-6.1199,244.5256747,21.57648064,14.94648064,-27.11141179,-20.75614925
1.3907,-19.9,-6.08175,266.5994925,21.58298186,14.95298186,-27.08025912,-20.72483379
1.3948,-20.64,-6.092,277.102103,21.58571146,14.95571146,-27.09289211,-20.7375664
1.3989,-20.48,-6.10225,287.6065953,21.58824214,14.95824214,-27.10533559,-20.75010702
1.4016,-20.55,-6.1706,315.9421413,21.59422938,14.96422938,-27.17794265,-20.82322585
1.4044,-19.51,-6.2854,322.788,21.59551823,14.96551823,-27.29154322,-20.93757655
1.4079,-18.15,-6.4289,326.6496667,21.59622143,14.96622143,-27.43267922,-21.07963889
1.4114,-21.13,-6.5605,289.1503333,21.58859855,14.95859855,-27.55424111,-21.20194714
1.4146,-21.07,-6.6645,254.418,21.57953364,14.94953364,-27.64741531,-21.29567326
1.4178,-21.02,-6.7685,222.5673333,21.56873397,14.93873397,-27.73894015,-21.38772839
1.4206,-19.33,-6.7986,204.5578143,21.561139,14.931139,-27.76117642,-21.41006239
1.4234,-20.83,-6.6054,222.7009478,21.56878573,14.93878573,-27.579333,-21.22707894
1.4274,-20.62,-6.3294,218.0014496,21.56692719,14.93692719,-27.30739068,-20.95334855
1.4313,-20.43,-6.137,228.7106963,21.57105115,14.94105115,-27.12297996,-20.767759
1.4353,-20.83,-6.097,241.167176,21.57538718,14.94538718,-27.08795408,-20.73253147
1.4393,-21.03,-6.057,273.402766,21.58477394,14.95477394,-27.05773876,-20.70217755
1.4429,-20.9,-6.15585,285.5649419,21.58776486,14.95776486,-27.1573484,-20.8024566
1.4492,-21.56,-6.3858,266.9980769,21.58308937,14.95308937,-27.37798781,-21.02450802
1.4519,-20.86,-6.586633333,252.6187305,21.57899613,14.94899613,-27.57068183,-21.21843516
1.4547,-21.49,-6.839566667,240.5456793,21.57518148,14.94518148,-27.81464219,-21.46396529
1.4575,-19.19,-7.0925,249.1105699,21.57792579,14.94792579,-28.06484466,-21.71581934
1.4612,-21.32,-7.188933333,256.418249,21.58012233,14.95012233,-28.16133071,-21.81294941
1.465,-20.8,-6.779166667,250.3730923,21.57831444,14.94831444,-27.75849948,-21.40747544
1.4685,-19.3,-6.40175,261.9164739,21.58169419,14.95169419,-27.39227254,-21.03887733
1.472,-16.79,-6.24,273.4598554,21.5847886,14.9547886,-27.23688617,-20.88249529
1.4745,-21.43,-6.24,276.9814,21.58568127,14.95568127,-27.23773617,-20.88335644
1.4769,-21.32,-6.24,273.4454,21.58478489,14.95478489,-27.23688263,-20.88249171
1.4803,-20.52,-6.23835,248.68049,21.5777925,14.9477925,-27.22860922,-20.87412047
1.4836,-17.76,-6.2202,234.1844444,21.57301334,14.94301334,-27.20629165,-20.8516272
1.4894,-20.79,-6.1883,285.324,21.58770808,14.95770808,-27.18905862,-20.8343736
1.4921,-18.86,-6.3362,237.771,21.57425003,14.94425003,-27.32101953,-20.96711227
1.4949,-22.14,-6.5378,206.9530904,21.56222535,14.93222535,-27.50691505,-21.15414686
1.4978,-21.86,-6.7466,213.3259533,21.56499689,14.93499689,-27.71394573,-21.36254731
1.5008,-20.28,-6.908066667,201.8532432,21.55988139,14.92988139,-27.86713591,-21.51670619
1.504,-19.46,-6.920333333,215.925,21.56608024,14.93608024,-27.88504251,-21.53476854
1.5072,-20.17,-6.9326,261.6581081,21.5816218,14.9516218,-27.91183905,-21.56183737
1.5101,-20.71,-6.936325,258.9136637,21.58084401,14.95084401,-27.91474524,-21.56475768
1.513,-22.53,-6.733083333,238.3352994,21.57444122,14.94444122,-27.70970319,-21.35833616
1.5155,-20.61,-6.557875,294.9595509,21.58990633,14.95990633,-27.55291644,-21.20062201
1.5179,-20.03,-6.389675,284.767027,21.58757646,14.95757646,-27.38605295,-21.03265393
1.5211,-20.57,-6.281091667,281.4472072,21.58678117,14.95678117,-27.27900688,-20.92490363
1.5244,-20.26,-6.396866667,297.3744611,21.59043494,14.96043494,-27.39581407,-21.0424967
1.5279,-18.95,-6.519658333,272.2928529,21.58448768,14.95448768,-27.51034922,-21.15774281
1.5315,-19.09,-6.704583333,217.2449206,21.56662049,14.93662049,-27.67436137,-21.32271453
1.5359,-19.2,-7.030916667,290.6196396,21.58893427,14.95893427,-28.01503616,-21.66575434
1.5403,-20.46,-7.311,226.5386957,21.57024627,14.94024627,-28.27142467,-21.92370078
1.5434,-19.75,-7.063,278.3559434,21.58602357,14.95602357,-28.0436722,-21.69455923
1.5465,-18.34,-6.815,278.1190566,21.58596482,14.95596482,-27.80085651,-21.45015702
1.5499,-19.22,-6.543,277.8592453,21.58590027,14.95590027,-27.53454238,-21.18210285
1.5533,-19.84,-6.42115,277.599434,21.58583559,14.95583559,-27.41520548,-21.06198599
1.5561,-18.17,-6.32455,277.3854717,21.58578224,14.95578224,-27.32059581,-20.96675798
1.5588,-20.34,-6.2314,277.1791509,21.58573072,14.95573072,-27.22936498,-20.87493088
1.5669,-20.41,-6.28315,276.5601887,21.58557569,14.95557569,-27.27987391,-20.92576877
1.5735,-20.19,-6.429416667,276.0558491,21.58544886,14.95544886,-27.42292929,-21.06975784
1.5766,-19.74,-6.5219,229.8887879,21.57148136,14.94148136,-27.50016212,-21.14740776
1.5797,-20.42,-6.614383333,220.2168135,21.5678132,14.9378132,-27.58720093,-21.23499218
1.5842,-20.07,-6.491733333,230.1692746,21.57158313,14.94158313,-27.47072934,-21.11778335
1.5887,-20.69,-6.350733333,240.1217358,21.57504056,14.94504056,-27.33599861,-20.98219415
1.5928,-18.8,-6.2904,249.1895337,21.57795021,14.94795021,-27.27970999,-20.92555604
1.597,-19.64,-6.261,258.4784974,21.58071916,14.95071916,-27.25356757,-20.89926019
1.6002,-20.01,-6.2342,265.5558031,21.58269881,14.95269881,-27.22921878,-20.87476474
1.6035,-20.65,-6.1385,272.8542746,21.58463277,14.95463277,-27.13738234,-20.7823405
1.6084,-21.15,-5.9964,283.691399,21.58732082,14.95732082,-27.00084492,-20.64492801
1.6132,-20.89,-6.012933333,294.3073575,21.58976208,14.95976208,-27.01935399,-20.66357327
1.616,-20.85,-6.068,300.5,21.59110649,14.96110649,-27.07453727,-20.71912545
1.6188,-20.34,-6.123066667,291.7240979,21.58918439,14.95918439,-27.12660968,-20.77152597
1.6219,-20.18,-6.158225,282.0079205,21.58691681,14.95691681,-27.15886563,-20.80397843
1.6249,-19.97,-6.176475,272.6051682,21.58456847,14.95456847,-27.17449375,-20.81969393
1.628,-19.38,-6.195333333,262.8889908,21.58196537,14.95196537,-27.19047482,-20.8357631
1.631,-19.72,-6.18925,253.4862385,21.57925624,14.94925624,-27.18194019,-20.82715576
1.6341,-19.05,-6.132675,243.7700612,21.57623725,14.94623725,-27.12368518,-20.7685013
1.6372,-20.33,-6.0761,234.0538838,21.57296761,14.94296761,-27.06519112,-20.70960466
1.6401,-19.03,-6.0265,224.9645566,21.56965322,14.93965322,-27.01348179,-20.65753679
1.6429,-19.53,-6.0685,216.1886544,21.56618868,14.93618868,-27.05129534,-20.69557566
1.6456,-20.36,-6.109,207.7261774,21.56257063,14.93257063,-27.08749461,-20.73198874
1.6482,-21.26,-6.148,199.5771254,21.55879659,14.92879659,-27.12207724,-20.76677365
1.6509,-21.28,-6.1975,196.8407407,21.55745922,14.92745922,-27.16925902,-20.81425527
1.6535,-18.72,-6.2625,195.4588889,21.55676962,14.92676962,-27.2322307,-20.87763399
1.6554,-16.79,-6.31,194.4490741,21.55625949,14.92625949,-27.27824262,-20.92394329
1.6572,-17.97,-6.355,193.4924074,21.5557713,14.9257713,-27.32182822,-20.96781056
1.6597,-18.52,-6.4175,192.7708205,21.55539986,14.92539986,-27.38265577,-21.02903314
1.6622,-20.05,-6.3876,199.0310769,21.55853265,14.92853265,-27.35636947,-21.00259473
1.6651,-20.16,-6.3383,206.2929744,21.56192848,14.93192848,-27.31134325,-20.95729564
1.6679,-19.28,-6.2907,213.3044615,21.56498782,14.93498782,-27.26766104,-20.91334723
1.6702,-21.57,-6.2499,219.0638974,21.56735434,14.93735434,-27.2299758,-20.87543064
1.6726,-20.73,-6.1887,225.0737436,21.56969463,14.93969463,-27.17229649,-20.81738919
1.6748,-21.06,-6.1326,230.5827692,21.57173272,14.94173272,-27.11932196,-20.76408137
1.6771,-23.3,-6.07395,236.3422051,21.57376186,14.94376186,-27.06384296,-20.70825267
1.6795,-20.96,-6.01275,242.3520513,21.57577641,14.94577641,-27.00585414,-20.64989765
1.6818,-20.69,-6.0642,248.1114872,21.57761543,14.94761543,-27.05796898,-20.70236445
1.6844,-20.76,-6.156933333,254.6221538,21.57959415,14.94959415,-27.15062795,-20.79564109
1.6869,-20.39,-6.2461,260.8824103,21.58140362,14.95140362,-27.23963409,-20.88523997
1.6896,-19.99,-6.3424,267.6434872,21.58326278,14.95326278,-27.33566983,-20.98191469
1.6923,-19.41,-6.4617,274.4045641,21.58503032,14.95503032,-27.45413205,-21.1011618
1.6946,-20.4,-6.566733333,280.164,21.58646871,14.95646871,-27.55831533,-21.20603465
1.6968,-21.15,-6.6672,285.6730256,21.58779029,14.95779029,-27.65791698,-21.3062952
1.6992,-21.74,-6.7768,289.8841026,21.58876663,14.95876663,-27.76613013,-21.41522134
1.7015,-20.4,-6.760333333,289.7332967,21.58873216,14.95873216,-27.74997864,-21.39896412
1.7042,-20.9,-6.664933333,289.5562637,21.58869164,14.95869164,-27.65655611,-21.30493108
1.7069,-20.6,-6.569533333,289.3792308,21.58865108,14.95865108,-27.56313354,-21.21089799
1.7093,-19.46,-6.484733333,289.2218681,21.58861498,14.95861498,-27.4800912,-21.12731297
1.7117,-19.92,-6.489466667,289.0645055,21.58857884,14.95857884,-27.48469011,-21.13194169
1.7145,-20,-6.538,288.8809158,21.58853663,14.95853663,-27.53215763,-21.17971902
1.7173,-20.6,-6.586533333,288.697326,21.58849436,14.95849436,-27.57962511,-21.22749631
1.7242,-19.82,-6.582933333,288.2449084,21.58838998,14.95838998,-27.57600183,-21.2238487
1.7276,-20.61,-6.542133333,288.021978,21.58833842,14.95833842,-27.53601494,-21.18360029
1.7309,-20.43,-6.507933333,287.8056044,21.5882883,14.9582883,-27.50248996,-21.14985599
1.7336,-20.58,-6.491733333,287.6285714,21.58824724,14.95824724,-27.48659321,-21.13385515
1.7363,-20.97,-6.475533333,287.4515385,21.58820613,14.95820613,-27.47069641,-21.11785425
1.7393,-21.94,-6.457533333,287.2548352,21.58816039,14.95816039,-27.45303324,-21.10007541
1.7424,-21.54,-6.585333333,287.0515751,21.58811307,14.95811307,-27.57808753,-21.22594629
1.7451,-20.43,-6.733833333,286.8745421,21.58807179,14.95807179,-27.72341015,-21.37221795
1.7479,-20.65,-6.887833333,286.6909524,21.58802893,14.95802893,-27.87411506,-21.52390704
1.7506,-21.1,-6.946733333,286.5139194,21.58798755,14.95798755,-27.93173102,-21.5818991
1.7533,-18.67,-6.692033333,285.8823019,21.58783949,14.95783949,-27.68227237,-21.33081
1.7559,-20.02,-6.446766667,279.8022264,21.5863801,14.9563801,-27.44079925,-21.08775036
1.7585,-21.07,-6.2015,273.7221509,21.58485588,14.95485588,-27.19926369,-20.84462748
1.7611,-20.39,-6.104366667,267.6420755,21.5832624,14.9532624,-27.10266513,-20.74738793
1.7638,-20.97,-6.213266667,261.3281509,21.58152916,14.95152916,-27.20761391,-20.85301141
1.7669,-18.39,-6.3383,254.0788302,21.5794329,14.9494329,-27.32800994,-20.97418079
1.77,-20.78,-6.463333333,246.8295094,21.57721351,14.94721351,-27.44828925,-21.09523191
1.7757,-20.41,-6.680883333,233.5001132,21.57277306,14.94277306,-27.65701782,-21.30529619
1.7813,-20.69,-6.773825,223.5826594,21.56912572,14.93912572,-27.74452556,-21.39335273
1.7846,-20.85,-6.59315,222.0348805,21.5685271,14.9385271,-27.56709545,-21.21475984
1.788,-20.45,-6.407,220.4401992,21.56790155,14.93790155,-27.38428009,-21.03074633
1.7966,-21.65,-6.24635,216.4065936,21.56627812,14.93627812,-27.22547593,-20.87089463
1.802,-20.66,-6.254,213.8738645,21.56522746,14.93522746,-27.23196396,-20.87741847
1.8074,-21.72,-6.3458,211.3411355,21.56415162,14.93415162,-27.32080171,-20.9668298
1.8117,-20.52,-6.4512,209.3243327,21.56327631,14.93327631,-27.42314349,-21.06983465
1.8159,-21.11,-6.6024,207.3544323,21.56240492,14.93240492,-27.57032246,-21.21796961
1.8191,-22.22,-6.7176,205.8535558,21.56172981,14.93172981,-27.68244834,-21.33082371
1.8223,-21.94,-6.63385,204.3526793,21.56104478,14.93104478,-27.59981396,-21.24764524
1.8268,-21.2,-6.4066,202.2420717,21.56006426,14.93006426,-27.37642674,-21.02279262
1.8313,-20.91,-6.266016667,200.1314641,21.55906306,14.92906306,-27.23785705,-20.88331145
1.835,-22.27,-6.325833333,198.3960757,21.55822389,14.92822389,-27.2956123,-20.94143874
1.8388,-20.87,-6.387266667,196.6137849,21.55734662,14.92734662,-27.35491393,-21.00112226
1.8414,-20.17,-6.3796,195.3943227,21.55673717,14.92673717,-27.34682877,-20.99298046
1.844,-19.94,-6.329333333,194.1748606,21.55612005,14.92612005,-27.29703522,-20.94285778
1.8476,-19.91,-6.259733333,192.4863745,21.55525268,14.92525268,-27.22807791,-20.87344458
1.8513,-22.01,-6.1908,190.7509861,21.55434521,14.92434521,-27.15973491,-20.80464944
1.8551,-20.11,-6.124933333,188.9686952,21.55339587,14.92339587,-27.09435387,-20.73883535
1.859,-19.12,-6.057333333,187.139502,21.55240274,14.92240274,-27.02723424,-20.67127104
1.862,-19.65,-6.0825,185.7324303,21.55162548,14.92162548,-27.05112967,-20.6953177
1.8698,-21.43,-6.24825,182.0740438,21.5495484,14.9195484,-27.21140491,-20.85662694
1.8745,-19.82,-6.324875,179.8696315,21.54825602,14.91825602,-27.28518291,-20.93087881
1.8778,-21.35,-6.37795,178.3218526,21.54732952,14.91732952,-27.3362562,-20.98227993
1.8812,-20.16,-6.446533333,177.6039704,21.54689431,14.91689431,-27.40297856,-21.04943544
1.8838,-19.96,-6.518466667,178.2842395,21.5473068,14.9173068,-27.47378734,-21.12070937
1.8864,-23.87,-6.5904,178.9645086,21.54771616,14.91771616,-27.54459308,-21.19198021
1.8891,-20.17,-6.6651,179.6709419,21.54813798,14.91813798,-27.61811894,-21.26598902
1.8919,-19.76,-6.7071,180.4035394,21.54857193,14.91857193,-27.65964606,-21.30779013
1.895,-19.33,-6.735,181.2146295,21.54904829,14.91904829,-27.68741093,-21.33573936
1.898,-20.22,-6.762,181.9995553,21.54950524,14.91950524,-27.71427629,-21.36278308
1.9037,-21.11,-6.673625,183.4909145,21.55036267,14.92036267,-27.62858171,-21.27653406
1.9094,-20.38,-6.50975,184.9822737,21.55120627,14.92120627,-27.4689669,-21.11588184
1.9144,-22.32,-6.3946,186.2904835,21.55193515,14.92193515,-27.35694015,-21.00312784
1.9194,-20.8,-6.28335,187.5986934,21.55265387,14.92265387,-27.24872161,-20.89420685
1.923,-19.76,-6.321,188.5406044,21.55316517,14.92316517,-27.28606413,-20.93179652
1.9267,-20.71,-6.3839,189.5086797,21.55368538,14.92368538,-27.34813234,-20.99427345
1.9311,-20.45,-6.473366667,190.6599043,21.55429713,14.92429713,-27.43629377,-21.08301462
1.9354,-20.61,-6.6038,191.7849648,21.55488788,14.92488788,-27.56453736,-21.21209967
1.9392,-20.23,-6.719066667,192.7792042,21.5554042,14.9254042,-27.67786333,-21.32616917
1.943,-20.14,-6.665833333,193.7734437,21.55591522,14.92591522,-27.62623967,-21.27421147
1.9465,-20.69,-6.575416667,194.6891906,21.55638127,14.92638127,-27.53817455,-21.18557399
1.95,-22.86,-6.485,195.6049375,21.55684297,14.92684297,-27.45010536,-21.09693237
1.9556,-18.62,-6.296,197.0701325,21.55757276,14.92757276,-27.26578854,-20.91141607
1.9612,-20.5,-6.2198,198.5353274,21.55829177,14.92829177,-27.19188126,-20.8370305
1.9653,-21,-6.466825,199.6080595,21.5588115,14.9288115,-27.43418801,-21.08092337
1.9695,-20.61,-6.719875,200.7069557,21.55933814,14.92933814,-27.68239894,-21.33075903
1.9734,-20.37,-6.669533333,201.7273594,21.55982203,14.92982203,-27.63358029,-21.2816245
1.9773,-21.89,-6.577233333,209.7420765,21.563459,14.933459,-27.5466904,-21.19418977
1.9811,-21.63,-6.487666667,222.9844226,21.56889533,14.93889533,-27.46418976,-21.11118423
1.9848,-20.59,-6.401333333,235.8782858,21.57360209,14.94360209,-27.38416044,-21.03066158
1.9885,-20.54,-6.315,248.772149,21.57782094,14.94782094,-27.3036673,-20.94966904
1.9923,-19.08,-6.191833333,262.014495,21.58172161,14.95172161,-27.18681664,-20.83207949
1.9999,-22.51,-5.9005,288.499187,21.58844869,14.95844869,-26.90804572,-20.55152968
2.0049,-21.08,-5.98405,305.9233265,21.59223918,14.96223918,-26.99344036,-20.63750588
2.0099,-21.45,-6.073216667,323.347466,21.59562115,14.96562115,-27.08394324,-20.72862113
2.0149,-21.01,-6.139516667,340.7716055,21.59865728,14.96865728,-27.15173297,-20.79687268
2.0199,-20.6,-6.20535,345.8144276,21.59947889,14.96947889,-27.21695681,-20.86252772
2.0241,-19.85,-6.210083333,275.2022897,21.58523314,14.95523314,-27.20802491,-20.85344829
2.0282,-20.1,-6.2135,233.3430766,21.57271772,14.94271772,-27.19945163,-20.84474065
2.0325,-18.93,-6.27625,231.1751426,21.57194609,14.94194609,-27.26014178,-20.90582242
2.0369,-20.91,-6.38405,228.9567915,21.57114138,14.94114138,-27.36489927,-21.01125919
2.0411,-21.95,-6.518666667,226.8392745,21.57035857,14.94035857,-27.49592821,-21.14313916
2.0453,-20.97,-6.742666667,224.7217575,21.56956101,14.93956101,-27.71443939,-21.36307275
2.0496,-21.38,-6.972,222.5538235,21.56872873,14.93872873,-27.9381386,-21.58822805
2.0538,-22.12,-6.949,220.4363065,21.56790001,14.93790001,-27.91483563,-21.56476767
2.0571,-20.83,-6.9105,218.7725432,21.56723762,14.93723762,-27.87651813,-21.52619572
2.0603,-21.68,-6.863466667,217.1591969,21.5665856,14.9365856,-27.82985727,-21.47922597
2.0639,-21.63,-6.705066667,215.3441823,21.56584041,14.93584041,-27.67409202,-21.32243853
2.071,-21.26,-6.43,211.7645703,21.56433328,14.93433328,-27.40339728,-21.04996607
2.0744,-20.78,-6.407333333,210.0503899,21.56359336,14.93359336,-27.38050463,-21.02691923
2.0781,-21.23,-6.382666667,208.1883755,21.56277583,14.93277583,-27.35558025,-21.00182692
2.0817,-21.39,-6.353,207.6035709,21.56251604,14.93251604,-27.32629242,-20.97234615
2.0855,-20.5,-6.315,206.9862771,21.56224023,14.93224023,-27.28883188,-20.93463917
2.0892,-20.56,-6.278,206.3852279,21.56197009,14.93197009,-27.25235561,-20.89792293
2.0946,-20.42,-6.3896,205.508021,21.56157299,14.93157299,-27.361222,-21.007498
2.1,-20.55,-6.53,204.630814,21.56117249,14.93117249,-27.49827739,-21.14544618
2.1046,-20.6,-6.5024,203.8835637,21.5608286,14.9308286,-27.47093254,-21.11792055
2.1092,-20.7,-6.4748,203.1363133,21.56048219,14.93048219,-27.44358526,-21.09039246
2.1139,-20.74,-6.4388,202.3728184,21.5601256,14.9301256,-27.40800556,-21.0545781
2.1186,-21.52,-6.4012,201.6093234,21.55976631,14.92976631,-27.37085703,-21.01718465
2.123,-21.58,-6.6165,200.8945622,21.55942748,14.92942748,-27.58129064,-21.2289908
2.1273,-20.58,-6.94115,200.1960456,21.55909401,14.92909401,-27.89877177,-21.54854377
2.1357,-21.13,-7.27895,198.8315014,21.55843582,14.92843582,-28.22881669,-21.88074059
2.1404,-22.41,-7.3476,198.0680065,21.5580636,14.9280636,-28.29566388,-21.94802213
2.145,-20.54,-6.975,197.3207562,21.5576965,14.9276965,-27.93057759,-21.58054862
2.1496,-21.18,-6.6024,196.5735058,21.55732661,14.92732661,-27.56548838,-21.21307216
2.1542,-21.77,-6.4629,195.8262554,21.5569539,14.9269539,-27.42857733,-21.0752644
2.1575,-21,-6.37875,195.2901845,21.55668477,14.92668477,-27.34594681,-20.99209242
2.1608,-21,-6.323933333,194.7541136,21.55641415,14.92641415,-27.2920292,-20.9378209
2.1643,-22.2,-6.363016667,263.0185686,21.58200135,14.95200135,-27.35464993,-21.00101088
2.1679,-21.64,-6.403216667,299.5783175,21.59090991,14.96090991,-27.40248206,-21.04921123
2.1713,-22.74,-6.426233333,300.3795432,21.59108087,14.96108087,-27.42517503,-21.0720535
2.1748,-20.33,-6.425066667,301.2043343,21.5912559,14.9612559,-27.42419965,-21.07107285
2.1773,-20.14,-6.424233333,301.7934708,21.59138033,14.96138033,-27.4235024,-21.07037182
2.1798,-21.3,-6.4234,302.3826072,21.59150428,14.96150428,-27.42280468,-21.06967032
2.183,-19.98,-6.434333333,303.1367019,21.59166224,14.96166224,-27.43365731,-21.08059483
2.1861,-20.92,-6.4457,303.8672312,21.59181451,14.96181451,-27.4449287,-21.0919408
2.1894,-19.42,-6.4578,304.6448914,21.5919758,14.9619758,-27.45692651,-21.104018
2.1927,-20,-6.5005,305.4225515,21.59213627,14.96213627,-27.49887678,-21.1462433
2.1983,-20.67,-6.5845,306.7422173,21.59240672,14.96240672,-27.58135881,-21.22926582
2.204,-20.75,-6.602,291.3091315,21.58909063,14.95909063,-27.5953325,-21.24331003
2.2096,-20.78,-6.5908,247.0232754,21.57727453,14.94727453,-27.57312171,-21.22088021
2.2198,-20.64,-6.7223,240.3818126,21.57512707,14.94512707,-27.69980036,-21.34837292
2.2245,-20.55,-6.43475,238.7137023,21.57456892,14.94456892,-27.41779188,-21.06451877
2.2293,-21.26,-6.12515,237.0101003,21.57399079,14.94399079,-27.11417973,-20.75891969
2.2341,-21.57,-6.1743,235.3064984,21.57340429,14.94340429,-27.16173324,-20.80678017
2.2397,-20.88,-6.3031,233.3189627,21.57270922,14.94270922,-27.28715143,-20.93301329
2.2453,-21.08,-6.45045,231.3314271,21.5720022,14.9420022,-27.43071672,-21.07751197
2.25,-21.15,-6.575,229.6633168,21.57139936,14.94139936,-27.55206281,-21.19964697
2.2548,-21.29,-6.683,227.9597148,21.57077459,14.94077459,-27.65718763,-21.3054546
2.2589,-24.3,-6.77525,226.5045548,21.57023349,14.94023349,-27.74697477,-21.39582487
2.263,-21.69,-6.635,225.0493947,21.5696854,14.9396854,-27.60916441,-21.25711085
2.2689,-21.92,-6.3105,222.955384,21.56888412,14.93888412,-27.29075303,-20.93661446
2.2748,-21.98,-6.3124,220.8613732,21.56806764,14.93806764,-27.29183549,-20.93769888
2.2799,-21.2,-6.3787,219.0512961,21.5673493,14.9373493,-27.35605177,-21.00233016
2.285,-20.75,-6.495,217.241219,21.56661898,14.93661898,-27.46920119,-21.11621414
2.2898,-21.68,-6.6054,215.537617,21.56592042,14.93592042,-27.57660554,-21.22431573
2.2946,-21.35,-6.6284,213.834015,21.56521073,14.93521073,-27.59844446,-21.24629287
2.3003,-20.68,-6.6395,211.8109876,21.56435314,14.93435314,-27.60849383,-21.25640252
2.306,-22.98,-6.44,214.0313955,21.56529353,14.93529353,-27.41410041,-21.06074512
2.3103,-21.48,-6.3009,226.2246293,21.5701286,14.9401286,-27.28254069,-20.92835627
2.3147,-21.37,-6.3141,238.7014266,21.57456479,14.94456479,-27.29968594,-20.94564129
2.3184,-20.9,-6.3252,249.1932788,21.57795137,14.94795137,-27.31377604,-20.95984463
2.3222,-20.24,-6.3806,259.9686947,21.58114495,14.95114495,-27.37104643,-21.01750913
2.327,-21.04,-6.491,273.5797463,21.58481937,14.95481937,-27.48261215,-21.12982663
2.3318,-20.51,-6.5627,287.1907979,21.58814549,14.95814549,-27.55596334,-21.20367779
2.3361,-21.77,-6.56915,299.3840316,21.59086832,14.96086832,-27.56486887,-21.21265853
2.3405,-21.33,-6.547583333,313.7981946,21.59381418,14.96381418,-27.54656217,-21.19425068
2.3472,-21.12,-6.1802,368.8534838,21.60294681,14.97294681,-27.19564083,-20.84109422
2.3539,-22.01,-6.074766667,305.1015629,21.59207014,14.96207014,-27.08207866,-20.72672213
2.3631,-20.95,-6.1407,362.2798575,21.6020023,14.9720023,-27.15607667,-20.8012657
2.3675,-21.75,-6.1275,416.0701709,21.60885394,14.97885394,-27.14968046,-20.79487061
2.3719,-22.15,-6.1599,419.3902619,21.60921925,14.97921925,-27.18174301,-20.82714488
2.3754,-21.46,-6.2334,408.4862852,21.6079972,14.9779972,-27.25252472,-20.8983813
2.3788,-19.88,-6.3048,397.8938506,21.60674592,14.97674592,-27.3212232,-20.96752069
2.3829,-20.99,-6.246866667,383.9535375,21.60499395,14.97499395,-27.26284697,-20.90875218
2.3871,-19.66,-6.126466667,369.63717,21.60305717,14.97305717,-27.14314884,-20.78826003
2.3905,-19.9,-6.049833333,367.1141466,21.60270019,14.97270019,-27.06779604,-20.71241278
2.3939,-19.58,-6.094033333,370.1340986,21.60312691,14.97312691,-27.11146776,-20.75637244
2.3971,-20.18,-6.135633333,370.0354852,21.60311308,14.97311308,-27.15217491,-20.79734541
2.4002,-19.93,-6.182616667,349.4124191,21.60005061,14.97005061,-27.19524853,-20.84068122
2.4039,-20.39,-6.354358333,324.7977918,21.5958863,14.9658863,-27.35939426,-21.00587312
2.4077,-23.6,-6.530741667,299.5179044,21.59089699,14.96089699,-27.52729956,-21.17484399
2.4112,-21.29,-6.6666,285.1110096,21.58765781,14.95765781,-27.65720356,-21.30557629
2.4148,-23.26,-6.7539,379.5244712,21.60441038,14.97441038,-27.75860214,-21.40774206
2.4175,-22.43,-6.819375,437.7367442,21.61113802,14.98113802,-27.82909462,-21.4787371
2.4202,-21.65,-6.8763,405.4737421,21.60764798,14.97764798,-27.88149446,-21.53145739
2.4228,-22.77,-6.8282,374.405666,21.60371872,14.97371872,-27.8306727,-21.48027907
2.4254,-20.94,-6.7801,343.3375899,21.59907836,14.96907836,-27.77917381,-21.42841474
2.4276,-21.89,-6.7394,328.2597238,21.59650973,14.96650973,-27.73688972,-21.38583837
2.4299,-21.62,-6.69685,327.358038,21.59634862,14.96634862,-27.69508589,-21.34376046
2.4325,-20.57,-6.61375,326.338741,21.59616543,14.96616543,-27.61356824,-21.26170917
2.435,-20.01,-6.5325,325.3586478,21.5959882,14.9659882,-27.53386713,-21.18148632
2.4382,-19.84,-6.4285,324.1041284,21.59575978,14.96575978,-27.43184818,-21.07879953
2.4414,-20.26,-6.3259,322.849609,21.59552959,14.96552959,-27.33119789,-20.97749033
2.4449,-21.38,-6.21565,321.4774785,21.59527575,14.96527575,-27.22303677,-20.86862108
2.4484,-21.07,-6.1054,320.1053479,21.59501975,14.96501975,-27.11487352,-20.75974968
2.4511,-20.92,-6.121916667,319.0468472,21.59482075,14.96482075,-27.13085154,-20.77583083
2.4538,-21.67,-6.286166667,317.9883465,21.59462043,14.96462043,-27.29143883,-20.93746587
2.4572,-21.49,-6.493,320.4877628,21.59509132,14.96509132,-27.49434835,-21.14170379
2.4605,-21.31,-6.688916667,323.8954272,21.59572161,14.96572161,-27.6867235,-21.33533952
2.4635,-22.85,-6.842416667,326.993304,21.5962832,14.9662832,-27.83751305,-21.48711758
2.4664,-23.9,-6.9908,329.9879182,21.59681605,14.96681605,-27.98326659,-21.63382655
2.4685,-22.2,-7.09825,332.1564319,21.59719591,14.96719591,-28.08880645,-21.7400582
2.4706,-21.53,-7.1207,334.3249456,21.59757084,14.96757084,-28.11113854,-21.76253851
2.4735,-21.84,-6.85825,337.3195598,21.59808068,14.96808068,-27.85472214,-21.50445033
2.4764,-21.32,-6.5958,339.2208163,21.5983997,14.9683997,-27.59812438,-21.24617841
2.4822,-19.61,-6.3195,342.7521088,21.59898284,14.96898284,-27.32822106,-20.97451567
2.4852,-20.36,-6.387,344.5786395,21.59927977,14.96927977,-27.39457665,-21.04130657
2.4883,-21.2,-6.45675,346.4660544,21.59958332,14.96958332,-27.46314092,-21.11032061
2.4916,-21.39,-6.6638,348.4752381,21.59990283,14.96990283,-27.66611738,-21.31462496
2.4948,-21.16,-7.0014,350.4235374,21.60020916,14.97020916,-27.99687089,-21.64754094
2.4995,-20.76,-7.49725,389.5682096,21.60571466,14.97571466,-28.48747246,-22.14138165
2.5041,-20.87,-7.224733333,285.919128,21.58784814,14.95784814,-28.20372377,-21.85566772
2.507,-21.82,-6.994666667,277.416948,21.5857901,14.9557901,-27.9765606,-21.62700778
2.5099,-20.96,-6.7646,268.9147679,21.58360191,14.95360191,-27.74927266,-21.39822143
2.5126,-21.19,-6.597633333,260.9989451,21.58143648,14.95143648,-27.58377239,-21.2316265
2.5154,-21.66,-6.426366667,252.7899437,21.57904761,14.94904761,-27.41384951,-21.06057868
2.5191,-21.91,-6.20005,254.8116667,21.57965023,14.94965023,-27.19288724,-20.83817678
2.5228,-22.32,-6.1548,268.5086598,21.58349393,14.95349393,-27.15225343,-20.7973016
2.5264,-22.03,-6.1674,281.8354639,21.58687515,14.95687515,-27.16780709,-20.81297803
2.5299,-22.8,-6.17965,294.792079,21.58986935,14.95986935,-27.1826495,-20.82793615
2.5334,-23.1,-6.1851,307.7486942,21.59261143,14.96261143,-27.19059547,-20.83595119
2.537,-24.22,-6.1905,321.0754983,21.59520098,14.96520098,-27.19834721,-20.84376978
2.5408,-23.17,-6.192466667,329.9298326,21.59680581,14.96680581,-27.20180047,-20.84725565
2.5446,-23.4,-6.180433333,288.9725105,21.58855769,14.95855769,-27.18216724,-20.82744253
2.5469,-24.04,-6.17315,264.1825523,21.58232298,14.95232298,-27.16910068,-20.81425157
2.5492,-23.92,-6.165866667,239.3925941,21.57479702,14.94479702,-27.15480429,-20.79981468
2.5513,-22.57,-6.1512,232.5684848,21.57244367,14.94244367,-27.13820625,-20.78309347
2.5534,-24.78,-6.1316,235.4737296,21.57346224,14.94346224,-27.11999016,-20.76476476
2.5558,-23.41,-6.1092,238.7940093,21.57459597,14.94459597,-27.09914291,-20.74378844
2.5583,-22.61,-6.085866667,242.252634,21.5757439,14.9457439,-27.07739561,-20.72190626
2.5596,-24.33,-6.073733333,247.1045297,21.57730009,14.94730009,-27.06700063,-20.71145312
2.5609,-23.04,-6.1033,252.7946165,21.57904902,14.94904902,-27.0976084,-20.74227178
2.5623,-23.41,-6.1551,258.9224023,21.58084651,14.95084651,-27.15002597,-20.79504301
2.5636,-24.56,-6.2032,264.6124891,21.58244107,14.95244107,-27.19862827,-20.84397279
2.5651,-22.89,-6.2587,271.177974,21.58419779,14.95419779,-27.2546285,-20.90034982
2.5667,-24.54,-6.3179,278.1811577,21.58598023,14.95598023,-27.31427483,-20.96039695
2.5682,-22.44,-6.3734,284.7466425,21.58757164,14.95757164,-27.37011727,-21.01661413
2.5697,-22.51,-6.4289,291.3121274,21.58909131,14.95909131,-27.42589124,-21.07276194
2.5712,-22.42,-6.4904,297.8776122,21.590544,14.960544,-27.48747447,-21.13475654
2.5726,-22.4,-6.5492,303.4568085,21.59172905,14.96172905,-27.54615983,-21.19383267
2.5797,-22.74,-6.8474,315.0585106,21.59405894,14.96405894,-27.84027441,-21.48988306
2.581,-23.37,-6.814666667,317.182766,21.59446708,14.96446708,-27.80862138,-21.45802582
2.5834,-22.29,-6.705866667,321.1044681,21.59520638,14.96520638,-27.70282482,-21.3515428
2.5885,-22.86,-6.474666667,330.7046821,21.59694216,14.96694216,-27.4781645,-21.1254258
2.5939,-22.16,-6.267566667,342.9483237,21.59901489,14.96901489,-27.27741624,-20.92337918
2.6002,-21.09,-6.053533333,357.2325723,21.6012535,14.9712535,-27.07004004,-20.71466237
2.6081,-20.55,-6.1931,234.4880258,21.57311949,14.94311949,-27.17986501,-20.8250286
2.6188,-22.56,-6.5244,284.687047,21.58755752,14.95755752,-27.51791299,-21.1653752
2.6293,-22.89,-6.29065,283.3559184,21.5872407,14.9572407,-27.28880078,-20.93476439
2.6378,-21.24,-6.0672,263.5895349,21.58215948,14.95215948,-27.06523329,-20.70970467
2.6462,-24.29,-6.1123,281.2686047,21.58673785,14.95673785,-27.11374064,-20.75855755
2.6558,-21.52,-6.3432,296.586719,21.59026345,14.96026345,-27.34311832,-20.98945567
2.6661,-24.09,-6.32165,284.989969,21.58762921,14.95762921,-27.31951563,-20.96568231
2.6755,-21.1,-6.35925,294.5810049,21.58982268,14.95982268,-27.35840947,-21.00484394
2.6854,-22.89,-6.6783,196.6467572,21.557363,14.927363,-27.63982134,-21.28789092
2.6959,-23.19,-6.9249,281.6888255,21.58683968,14.95683968,-27.90926681,-21.55928097
2.7062,-22.82,-6.7778,245.7723462,21.57687892,14.94687892,-27.75579549,-21.4047448
2.7168,-22.88,-6.499066667,263.9990183,21.58227246,14.95227246,-27.48808381,-21.13531809
2.729,-22.81,-6.172833333,294.0525721,21.58970555,14.95970555,-27.17582091,-20.82106193
2.7428,-23.55,-6.2684,328.0475757,21.5964719,14.9664719,-27.27581063,-20.92174716
2.753,-24.12,-6.432,262.7847736,21.58193641,14.95193641,-27.42211408,-21.06891532
2.7608,-23.27,-6.141066667,325.9689639,21.59609869,14.96609869,-27.1508137,-20.79593139
2.7694,-23.76,-6.2242,319.5219105,21.59491022,14.96491022,-27.23105797,-20.8766924
2.7775,-25.23,-6.35375,280.3227639,21.58650752,14.95650752,-27.34986936,-20.99622729
2.7864,-22.57,-6.413133333,270.8385156,21.58410905,14.95410905,-27.40571445,-21.05242217
2.7949,-21.57,-6.2257,264.3971094,21.58238196,14.95238196,-27.22059665,-20.8660843
2.8074,-23.03,-6.0126,292.092838,21.58926747,14.95926747,-27.01855663,-20.66276761
2.8201,-23.59,-6.0718,311.4213966,21.5933472,14.9633472,-27.08039092,-20.72503136
2.8368,-22.38,-6.163866667,352.6481432,21.6005548,14.9705548,-27.17737508,-20.82269418
2.856,-23.13,-6.135,271.7662661,21.58435105,14.95435105,-27.13368801,-20.77862027
2.8707,-21.79,-6.217291667,221.7946781,21.56843345,14.93843345,-27.19908349,-20.84434328
2.8861,-22.87,-6.187866667,415.6836132,21.60881103,14.97881103,-27.2087294,-20.854305
2.8995,-23.26,-6.273833333,393.5163568,21.60620914,14.97620914,-27.29040038,-20.93649318
2.9107,-21.67,-6.4012,374.9885007,21.60379843,14.97379843,-27.41277829,-21.0596554
2.9243,-25.42,-6.5332,316.3949332,21.59431635,14.96431635,-27.53296088,-21.18056369
2.9386,-22.36,-6.097133333,340.5562729,21.59862165,14.96862165,-27.11021178,-20.75508004
2.9518,-22.13,-6.1144,363.8743586,21.60223453,14.97223453,-27.13055394,-20.77557771
2.9661,-23.44,-6.309625,330.2422185,21.59686086,14.96686086,-27.31653446,-20.96273945
2.9802,-23.71,-6.2522,337.1000265,21.59804361,14.96804361,-27.26144963,-20.9073022
2.994,-23.97,-6.308,359.3911284,21.60157631,14.97157631,-27.31943348,-20.96568693
3.0081,-24.12,-6.4217,348.2399034,21.59986559,14.96986559,-27.42910071,-21.07605981
3.0212,-22.26,-6.373733333,364.3204104,21.60229914,14.97229914,-27.38446506,-21.03114783
3.0336,-21.57,-6.3326,392.2201817,21.6060479,14.9760479,-27.34777066,-20.9942372
3.0475,-21.66,-6.48875,411.7970236,21.60837509,14.97837509,-27.50283354,-21.15032755
3.0602,-24.28,-6.1492,353.7712802,21.60072765,14.97072765,-27.16318313,-20.8084106
3.0709,-22.21,-6.101,310.8222597,21.59322836,14.96322836,-27.10886055,-20.75368622
3.0821,-22.18,-6.027325,325.5807943,21.59602846,14.96602846,-27.0394096,-20.68379914
3.0939,-22.94,-6.124675,324.660772,21.59586135,14.96586135,-27.13454253,-20.77955245
3.1049,-23.89,-6.178675,251.712417,21.57872248,14.94872248,-27.17108028,-20.81622156
3.1237,-21.47,-6.2566,353.7313622,21.60072152,14.97072152,-27.26830643,-20.91422055
3.1365,-20.26,-6.19125,331.0907013,21.59700985,14.96700985,-27.20080382,-20.84625376
3.162,-21.26,-6.314,400.872459,21.60710447,14.97710447,-27.33056999,-20.97693078
3.1755,-21.43,-6.422,368.6949667,21.60292443,14.97292443,-27.43230639,-21.07930558
3.1908,-21.75,-6.148293333,397.2809729,21.60667148,14.97667148,-27.16795572,-20.81325159
3.2084,-22.05,-5.910666667,362.1294834,21.60198029,14.97198029,-26.93088648,-20.57460439
3.2252,-22.81,-6.068266667,378.0524887,21.6042134,14.9742134,-27.08728068,-20.73203416
3.2388,-21.81,-6.0744,281.8419231,21.58687671,14.95687671,-27.07677373,-20.72135003
3.2506,-23.94,-5.8389,315.0935514,21.59406572,14.96406572,-26.85309815,-20.49625836
3.2656,-23.57,-6.2022,356.4191096,21.60113083,14.97113083,-27.21544642,-20.86101781
3.2838,-20.73,-6.4588,337.6725596,21.59814018,14.96814018,-27.46377375,-21.11094855
3.3024,-19.62,-6.3472,453.6773734,21.61267918,14.98267918,-27.36837526,-21.01501791
3.3209,-21.3,-6.0444,313.5018605,21.59375634,14.96375634,-27.05395973,-20.69843008
3.3386,-21.19,-6.190568595,309.2881803,21.59292197,14.96292197,-27.19624419,-20.84163875
3.355,-22.27,-6.191652893,292.8835677,21.58944494,14.95944494,-27.19399458,-20.83935268
3.3695,-20.79,-6.19261157,278.3794895,21.5860294,14.9560294,-27.19168056,-20.83700215
3.3822,-20.24,-6.19345124,265.6759176,21.5827315,14.9527315,-27.18936204,-20.83464784
3.3956,-20.97,-6.19433719,252.2721488,21.57889172,14.94889172,-27.1865728,-20.83181634
3.4088,-23.99,-6.195209917,244.9906719,21.57662967,14.94662967,-27.18527302,-20.83049391
3.419,-22.94,-6.195884298,248.1968814,21.57764206,14.94764206,-27.18689722,-20.83213506
3.4277,-23.9,-6.196459504,250.9315894,21.57848512,14.94848512,-27.1882631,-20.83351513
3.4375,-21.06,-6.197107438,254.0120652,21.57941304,14.94941304,-27.18978096,-20.83504873
3.4498,-20.77,-6.197920661,257.8783766,21.5805463,14.9505463,-27.19165616,-20.83694327
3.4631,-22.79,-6.1988,262.0590222,21.58173406,14.95173406,-27.19364798,-20.83895554
3.4762,-22.23,-6.199666116,265.8668421,21.5827834,14.9527834,-27.19549503,-20.84082123
3.4882,-21.64,-6.200459504,268.852488,21.58358537,14.95358537,-27.19703534,-20.84237662
3.501,-21.99,-6.201305785,272.037177,21.58442141,14.95442141,-27.19865986,-20.84401698
3.5145,-22.16,-6.202198347,275.3960287,21.58528222,14.95528222,-27.20035326,-20.84572684
3.5276,-23.06,-6.203064463,278.6553589,21.58609768,14.95609768,-27.2019776,-20.84736689
3.5435,-23.78,-6.204115702,282.0066522,21.5869165,14.9569165,-27.20378634,-20.84919257
3.5593,-21.24,-6.205160331,276.0882027,21.58545701,14.95545701,-27.2034191,-20.8488138
3.5731,-19.78,-6.206072727,270.9189241,21.58413009,14.95413009,-27.20304868,-20.84843264
3.5863,-21.64,-6.206945455,265.9743968,21.5828126,14.9528126,-27.20264839,-20.8480215
3.6021,-22.64,-6.207990083,265.9838104,21.58281516,14.95281516,-27.20367338,-20.8490532
3.6225,-23.94,-6.209338843,269.0155607,21.58362866,14.95362866,-27.20576831,-20.8511669
3.6423,-24.08,-6.210647934,271.9581419,21.5844009,14.9544009,-27.20778509,-20.8532017
3.6577,-26.19,-6.211666116,274.2468162,21.58499007,14.95499007,-27.20934279,-20.85477326
3.6732,-22.23,-6.212690909,276.550352,21.58557322,14.95557322,-27.21090123,-20.85634553
3.69,-25.2,-6.213801653,279.0470876,21.58619441,14.95619441,-27.21258002,-20.85803917
3.7053,-22.35,-6.214813223,281.3209003,21.58675054,14.95675054,-27.21409978,-20.85957234
3.7211,-23.05,-6.215857851,281.4024383,21.58677031,14.95677031,-27.21514116,-20.86062065
3.7377,-22.77,-6.216955372,276.4041198,21.58553649,14.95553649,-27.21504061,-20.86051172
3.7548,-22.98,-6.21808595,271.2552496,21.58421796,14.95421796,-27.21489175,-20.86035364
3.7707,-23.29,-6.21913719,266.4677036,21.58294624,14.95294624,-27.21470981,-20.86016254
3.7849,-23.06,-6.220076033,262.1920336,21.58177123,14.95177123,-27.21450994,-20.859954
3.8018,-24.34,-6.221193388,269.8742296,21.58385575,14.95385575,-27.21758863,-20.86306586
3.8198,-24.29,-6.222383471,288.3499192,21.58841423,14.95841423,-27.22309427,-20.868636
3.8349,-23.47,-6.223381818,303.8489699,21.59181071,14.96181071,-27.2273057,-20.87289621
3.8499,-23.72,-6.224373554,319.2453778,21.59485817,14.96485817,-27.23117829,-20.87681318
3.8636,-23.16,-6.225279339,333.3074304,21.59739552,14.96739552,-27.234481,-20.88015335
3.8757,-24.43,-6.226079339,336.2554256,21.59790055,14.96790055,-27.23574498,-20.88142874
3.8883,-23.24,-6.226912397,327.7621333,21.59642093,14.96642093,-27.23515153,-20.88082216
3.9007,-23.12,-6.227732231,319.4036552,21.59488798,14.96488798,-27.23449435,-20.88015109
3.913,-23.08,-6.228545455,311.1125841,21.59328601,14.96328601,-27.23376498,-20.87940692
3.9242,-23.63,-6.22928595,303.562991,21.59175118,14.96175118,-27.23302836,-20.87865588
3.9408,-24.02,-6.230383471,292.3734154,21.58933055,14.95933055,-27.23179774,-20.87740207
3.961,-25.16,-6.231719008,278.757185,21.58612285,14.95612285,-27.23005064,-20.87562347
3.977,-22.41,-6.23277686,324.9868202,21.59592068,14.96592068,-27.24041568,-20.88611756
3.9936,-24.37,-6.23387438,373.2099976,21.60355443,14.97355443,-27.24875877,-20.89456294
4.0098,-21.84,-6.234945455,377.9883576,21.60420478,14.97420478,-27.25042645,-20.89624558
4.0441,-24.89,-6.237213223,290.4466201,21.58889491,14.95889491,-27.23806834,-20.8837109
4.0629,-23.04,-6.238456198,300.6931427,21.59114753,14.96114753,-27.24142999,-20.88710861
4.0802,-22.65,-6.2396,310.1221235,21.59308891,14.96308891,-27.24439819,-20.89010836
4.0942,-24.33,-6.24052562,317.7525127,21.59457562,14.96457562,-27.24671988,-20.89245452
4.1042,-24.51,-6.241186777,323.2027906,21.59559457,14.96559457,-27.2483373,-20.89408889
4.1156,-24.48,-6.241940496,329.4161075,21.59671505,14.96671505,-27.250142,-20.89591238
4.1297,-22.61,-6.242872727,336.1078191,21.59787547,14.96787547,-27.25215945,-20.89795028
4.1457,-24.23,-6.243930579,343.5640726,21.59911523,14.96911523,-27.25437541,-20.90018848
4.1609,-23.22,-6.244935537,350.6475134,21.60024416,14.97024416,-27.25643406,-20.90226764
4.1734,-25.19,-6.245761983,356.4727114,21.60113893,14.97113893,-27.25809502,-20.90394505
4.2152,-23.94,-6.24852562,375.9521735,21.60392967,14.97392967,-27.26345748,-20.90936001
4.2668,-23.7,-6.25193719,363.7554264,21.60221728,14.97221728,-27.26516642,-20.9110694
4.2984,-22.8,-6.254026446,350.6089547,21.60023814,14.97023814,-27.26532703,-20.91121866
4.332,-22.83,-6.256247934,336.6304277,21.59796416,14.96796416,-27.26533633,-20.91121379
4.3636,-24.69,-6.25833719,323.4839559,21.59564621,14.96564621,-27.26517434,-20.91103623
4.3866,-24.98,-6.259857851,313.9153214,21.59383701,14.96383701,-27.26494019,-20.91078922
4.4085,-24.81,-6.261305785,304.8043173,21.59200877,14.96200877,-27.26461671,-20.91045218
4.4326,-23.36,-6.262899174,304.3800873,21.59192097,14.96192097,-27.26609282,-20.91193739
4.4527,-22.48,-6.264228099,311.3354648,21.59333019,14.96333019,-27.26873548,-20.91460613
4.4703,-23.06,-6.265391736,317.4257455,21.59451341,14.96451341,-27.27100115,-20.91689401
4.4897,-22.67,-6.26667438,324.1388958,21.59576613,14.96576613,-27.27344948,-20.91936617
4.5102,-23.75,-6.268029752,331.2326887,21.59703471,14.96703471,-27.27598408,-20.92192528
4.5302,-22.23,-6.269352066,338.1534623,21.59822105,14.96822105,-27.27840803,-20.92437248
4.5494,-23.67,-6.270621488,344.7974049,21.59931513,14.96931513,-27.28069234,-20.92667857
4.5689,-21.98,-6.271910744,351.5451591,21.60038397,14.97038397,-27.28297204,-20.92897985
4.5854,-21.56,-6.273001653,356.8462317,21.60119531,14.97119531,-27.2848124,-20.93083731
4.6066,-24.13,-6.274403306,362.4839006,21.60203213,14.97203213,-27.28698119,-20.93302551
4.6294,-22.24,-6.275910744,368.547054,21.60290353,14.97290353,-27.28928645,-20.93535128
4.6521,-24.11,-6.27741157,374.5836146,21.60374309,14.97374309,-27.29155492,-20.93763982
4.6789,-24.54,-6.279183471,381.7104791,21.6047001,14.9747001,-27.29420055,-20.94030873
4.7051,-23.41,-6.280915702,388.6777869,21.60560176,14.97560176,-27.29675465,-20.94288515
4.7315,-21.76,-6.282661157,395.6982803,21.60647818,14.97647818,-27.29929766,-20.94545026
4.7578,-22.34,-6.2844,402.6921809,21.6073209,14.9773209,-27.3018021,-20.94797634
4.7856,-21.78,-6.286238017,410.0849732,21.60818044,14.97818044,-27.30441963,-20.95061634
4.8093,-23.81,-6.287804959,416.3874616,21.6088891,14.9788891,-27.30662816,-20.95284374
4.8256,-23.06,-6.288882645,420.7220844,21.60936417,14.97936417,-27.30813538,-20.95436377
4.8416,-23.29,-6.289940496,424.9769289,21.60982108,14.97982108,-27.30960588,-20.95584674
4.8582,-22.3,-6.291038017,429.39133,21.61028554,14.98028554,-27.31112241,-20.95737608
4.8756,-23.48,-6.29218843,405.6129477,21.60766423,14.97766423,-27.3097527,-20.95598102
4.8902,-21.77,-6.293153719,382.9108347,21.60485778,14.97485778,-27.30802549,-20.95422496
4.9036,-21.92,-6.294039669,362.0746487,21.60197226,14.97197226,-27.30614534,-20.95231446
4.935,-24.5,-6.296115702,313.2495563,21.59370702,14.96370702,-27.30030787,-20.94638712
4.9503,-23.2,-6.297127273,317.4466205,21.59451739,14.96451739,-27.30206965,-20.94816548
4.9607,-21.65,-6.297814876,321.2389973,21.59523142,14.96523142,-27.30342256,-20.9495317
4.9733,-20.04,-6.298647934,325.8336077,21.59607422,14.96607422,-27.30504047,-20.95116546
4.9884,-24.35,-6.299646281,323.3182285,21.59561578,14.96561578,-27.30558122,-20.95170687
5.0008,-22.86,-6.300466116,319.9155324,21.59498416,14.96498416,-27.30578234,-20.95190534
5.0147,-22.69,-6.301385124,319.765709,21.59495604,14.96495604,-27.30665514,-20.95278368
5.0234,-22.99,-6.301960331,319.6719346,21.59493842,14.96493842,-27.30720142,-20.95333341
5.0305,-21.4,-6.302429752,319.5954061,21.59492404,14.96492404,-27.30764723,-20.95378204
5.0382,-23.95,-6.302938843,319.5124103,21.59490844,14.96490844,-27.3081307,-20.95426857
5.0473,-22.42,-6.303540496,319.4143245,21.59488998,14.96488998,-27.30870206,-20.95484355
5.0559,-23.6,-6.304109091,367.7066667,21.60278447,14.97278447,-27.31677515,-20.96301879
5.0652,-21.45,-6.304723967,388.7796704,21.6056147,14.9756147,-27.32007173,-20.96635462
5.074,-22.39,-6.305305785,385.1516252,21.6051495,14.9751495,-27.32019832,-20.96647913
5.0813,-21.36,-6.30578843,382.1419968,21.6047569,14.9747569,-27.32029695,-20.96657595
5.0894,-21.83,-6.306323967,378.802546,21.60431396,14.97431396,-27.32039944,-20.96667634
5.0974,-20.62,-6.306852893,375.5043231,21.60386876,14.97386876,-27.32049331,-20.96676802
5.1042,-22.67,-6.307302479,372.7008336,21.60348415,14.97348415,-27.32056719,-20.96683998
5.1106,-22.6,-6.30772562,370.0622553,21.60311684,14.97311684,-27.32063166,-20.96690258
5.1182,-23.07,-6.308228099,366.9289435,21.60267379,14.97267379,-27.32070169,-20.96697029
5.1273,-21.43,-6.308829752,357.5957412,21.60130809,14.97130809,-27.31999031,-20.96624571
5.1348,-22.69,-6.30932562,349.0812411,21.59999848,14.96999848,-27.3192288,-20.96547103
5.1413,-20.94,-6.309755372,341.7020077,21.59881069,14.96881069,-27.31851855,-20.96474871
5.1516,-23.57,-6.310436364,330.0087609,21.59681973,14.96681973,-27.31728951,-20.96349918
5.1619,-22.18,-6.311117355,318.3155141,21.59468249,14.96468249,-27.3159212,-20.96210854
5.1693,-23.17,-6.311606612,309.9110964,21.59304675,14.96304675,-27.31484269,-20.96101275
5.1907,-22.56,-6.313021488,317.6186535,21.59455015,14.96455015,-27.31765908,-20.96385695
5.2027,-21.82,-6.313814876,329.6206575,21.59675122,14.96675122,-27.32053138,-20.96676179
5.2143,-22.59,-6.314581818,321.2904117,21.59524098,14.96524098,-27.31984418,-20.96606065
5.2253,-20.38,-6.315309091,313.3910406,21.59373469,14.96373469,-27.31912191,-20.96532423
5.2371,-21.09,-6.316089256,312.8976483,21.59363808,14.96363808,-27.3197936,-20.96599971
5.2538,-20.48,-6.317193388,345.7783643,21.5994731,14.9694731,-27.32643,-20.97271598
5.2718,-23.28,-6.318383471,381.2186569,21.6046352,14.9746352,-27.33250977,-20.97886778
5.2864,-22.55,-6.31934876,343.534139,21.59911036,14.96911036,-27.32819443,-20.97448967
5.3013,-23.26,-6.320333884,302.1697583,21.59145956,14.96145956,-27.3218743,-20.96808036
5.3185,-23.28,-6.321471074,374.6916327,21.60375786,14.97375786,-27.33469677,-20.98106357
5.3337,-24.08,-6.322476033,434.1953268,21.61078027,14.98078027,-27.34236643,-20.98882729
5.353,-21.45,-6.323752066,356.1363561,21.60108807,14.97108807,-27.33438762,-20.98073569
5.3738,-20.43,-6.325127273,344.8875788,21.59932969,14.96932969,-27.33405959,-20.98039452
5.3919,-22.97,-6.326323967,336.7120281,21.59797798,14.96797798,-27.33394403,-20.98026973
5.4067,-22.08,-6.327302479,314.9084188,21.59402989,14.96402989,-27.33114286,-20.97742555
5.4164,-23.51,-6.327943802,300.6182154,21.59113161,14.96113161,-27.32901114,-20.97526176
5.4289,-20.88,-6.328770248,324.2785982,21.59579165,14.96579165,-27.33425698,-20.98057105
5.4454,-19.63,-6.329861157,357.5366307,21.60129921,14.97129921,-27.34056856,-20.98695833
5.4638,-20.7,-6.331077686,363.3432437,21.6021574,14.9721574,-27.34257645,-20.98898471
5.4804,-22.25,-6.332175207,352.7598548,21.60057204,14.97057204,-27.34214135,-20.98853684
5.4939,-20.53,-6.333067769,344.152882,21.59921084,14.96921084,-27.34171905,-20.98810327
5.5088,-22.99,-6.334052893,338.7564024,21.5983221,14.9683221,-27.34183719,-20.98821661
5.5278,-21.34,-6.335309091,331.9210366,21.59715492,14.96715492,-27.34195556,-20.98832844
5.5489,-22.37,-6.336704132,349.2777687,21.60002942,14.97002942,-27.3460579,-20.99247558
5.5721,-21.2,-6.338238017,388.2563651,21.60554814,14.97554814,-27.35281362,-20.99930998
5.5954,-19.92,-6.339778512,327.6812,21.59640646,14.96640646,-27.3456179,-20.99201002
5.6171,-20.43,-6.341213223,320.8256118,21.5951544,14.9651544,-27.3458302,-20.99221588
5.6371,-21.01,-6.342535537,348.593452,21.59992151,14.96992151,-27.35166327,-20.99811689
5.6544,-22.02,-6.343679339,371.8089362,21.60336057,14.97336057,-27.35605715,-21.00256099
5.6734,-23.24,-6.344935537,345.5323404,21.59943357,14.96943357,-27.35354796,-21.00001084
5.6927,-23.97,-6.34621157,318.8408511,21.59478187,14.96478187,-27.3503682,-20.99678119
5.7091,-23.27,-6.347295868,298.1073054,21.59059366,14.96059366,-27.34744202,-20.99380967
5.7221,-23.1,-6.348155372,317.3010323,21.59448964,14.96448964,-27.35199269,-20.99841446
5.7337,-23.95,-6.348922314,341.6530948,21.59880265,14.96880265,-27.35684976,-21.00333025
5.7496,-22.39,-6.349973554,375.0322151,21.6038044,14.9738044,-27.36264081,-21.00919044
5.7679,-22.48,-6.33926,410.6047574,21.6082397,14.9782397,-27.35637656,-21.00291304
5.7865,-21.49,-6.3281,421.9474213,21.6094967,14.9794967,-27.34664937,-20.99313018
5.8004,-21.9,-6.321,422.8567568,21.60959455,14.97959455,-27.33979272,-20.98622935
5.8083,-23.7,-6.34075,300.7784615,21.59116564,14.96116564,-27.34157908,-20.98791201
5.8172,-20.81,-6.363,307.2751221,21.59251528,14.96251528,-27.36464379,-21.01113584
5.8302,-20.94,-6.3955,298.274648,21.5906298,14.9606298,-27.39466179,-21.04133813
5.8444,-21.76,-6.417555556,288.443361,21.58843581,14.95843581,-27.41416247,-21.06095246
5.859,-22.65,-6.409444444,282.6683979,21.58707589,14.95707589,-27.40492807,-21.05164922
5.8758,-23.4,-6.400111111,281.7270007,21.58684892,14.95684892,-27.39557587,-21.04223451
5.8892,-22.81,-6.392666667,280.9761244,21.58666679,14.95666679,-27.38811534,-21.0347241
5.8995,-23.45,-6.386944444,282.6813726,21.58707901,14.95707901,-27.38290648,-21.0294838
5.9114,-23.62,-6.380333333,286.0087748,21.58786919,14.95786919,-27.37718739,-21.02373229
5.9272,-23.61,-6.371555556,290.4266701,21.58889037,14.95889037,-27.36956734,-21.01606885
5.9497,-22.91,-6.5473,296.7179766,21.59029209,14.96029209,-27.54293214,-21.1905749
5.9666,-23.53,-6.3674,301.4434469,21.59130646,14.96130646,-27.36779991,-21.014305
5.9779,-22.18,-6.2431,312.5766044,21.59357506,14.96357506,-27.24828712,-20.89402574
5.9921,-23.64,-6.1415,333.9127674,21.59749995,14.96749995,-27.15257227,-20.79771023
6.0029,-23.25,-6.3035,350.1402716,21.60016483,14.97016483,-27.31368474,-20.9598918
6.0134,-21.25,-6.393,365.9170119,21.60252909,14.97252909,-27.40354325,-21.05035208
6.026,-24.76,-6.33,368.6498324,21.60291806,14.97291806,-27.34224576,-20.98865662
6.0393,-22.24,-6.3565,359.9070019,21.60165289,14.97165289,-27.36698086,-21.01354538
6.0515,-23.91,-6.4175,351.8872626,21.60043707,14.97043707,-27.42553356,-21.07247294
6.0628,-22.55,-6.474,345.7945275,21.5994757,14.9694757,-27.47992375,-21.1272124
6.079,-21.64,-6.5235,351.2895612,21.60034423,14.97034423,-27.52920395,-21.17681995
6.0978,-22.66,-6.5517,357.666514,21.60131871,14.97131871,-27.55773529,-21.20554376
6.1153,-23.02,-6.57795,364.7230691,21.60235732,14.97235732,-27.58441885,-21.23240812
6.1304,-23.76,-6.5946,371.2139544,21.60327781,14.97327781,-27.60159293,-21.24970014
6.1438,-23.42,-6.4137,376.9740779,21.60406812,14.97406812,-27.4252707,-21.07223109
6.1505,-22.79,-6.33095,379.8541396,21.60445428,14.97445428,-27.34463829,-20.9910744
6.1555,-22.13,-6.34045,382.0034394,21.60473867,14.97473867,-27.35420815,-21.00070855
6.1715,-22.59,-6.37085,388.8811987,21.6056276,14.9756276,-27.38481155,-21.03151742
6.1907,-23.21,-6.40733,397.1345099,21.60665366,14.97665366,-27.42149687,-21.0684488
6.2096,-22.73,-6.44324,405.258863,21.60762287,14.97762287,-27.45757006,-21.10476368
6.2429,-23.18,-6.50651,395.2749752,21.60642622,14.97642622,-27.51836274,-21.16594599
6.2764,-23.52,-6.5024,349.6907208,21.60009434,14.97009434,-27.5083122,-21.15579016
6.2961,-23.66,-6.431575,360.856087,21.60179319,14.97179319,-27.44060198,-21.08764828
6.3101,-24.77,-6.372075,380.2674127,21.60450922,14.97450922,-27.3849459,-21.03164564
6.3259,-23.48,-6.35065,378.572419,21.60428315,14.97428315,-27.36375876,-21.01031869
6.3642,-23.53,-6.46286,345.7403131,21.59946699,14.96946699,-27.46901099,-21.11622831
6.3793,-23.63,-6.43719,319.7128357,21.59494611,14.96494611,-27.43957986,-21.08657663
6.4272,-24.44,-6.35576,353.3523146,21.6006633,14.9706633,-27.36531435,-21.01186179
6.4539,-23.89,-6.31037,380.9919585,21.60460524,14.97460524,-27.32463723,-20.97094363
6.4702,-23.23,-6.34845,366.5531229,21.60262014,14.97262014,-27.36002198,-21.00654709
6.4881,-23.84,-6.433475,342.7177412,21.59897722,14.96897722,-27.43978102,-21.08680433
6.5079,-22.55,-6.47736,326.3369307,21.5961651,14.9661651,-27.48006116,-21.12732999
6.5477,-24.26,-6.41368,380.8720102,21.60458936,14.97458936,-27.42574736,-21.07271412
6.5614,-23.29,-6.428525,378.491431,21.6042723,14.9742723,-27.43997657,-21.08703431
6.5721,-24.12,-6.4459125,360.7276192,21.60177424,14.97177424,-27.45461828,-21.10175602
6.5844,-23.1,-6.4659,335.8959158,21.59783944,14.96783944,-27.47043734,-21.11765378
6.5977,-24.03,-6.4875125,388.7975325,21.60561697,14.97561697,-27.49899668,-21.14644836
6.6093,-22.68,-6.5063625,424.8990186,21.60981279,14.97981279,-27.52144208,-21.16906664
6.6175,-23.5,-6.5196875,408.6194341,21.60801251,14.97801251,-27.53277154,-21.18045884
6.6257,-23.77,-6.5330125,392.3398496,21.60606283,14.97606283,-27.54395883,-21.191707
6.6364,-23.66,-6.505866667,379.617616,21.60442279,14.97442279,-27.51582592,-21.16338006
6.648,-22.59,-6.444,382.062035,21.60474638,14.97474638,-27.45557563,-21.10273823
6.6577,-24.7,-6.392266667,384.1060751,21.60501381,14.97501381,-27.40519095,-21.05202609
6.6657,-20.21,-6.3496,385.7918813,21.60523223,14.97523223,-27.36363455,-21.01019962
6.6745,-23.57,-6.302666667,387.6462681,21.60547031,14.97547031,-27.31792046,-20.96418839
6.6844,-22.09,-6.249866667,389.7324533,21.60573543,14.97573543,-27.26648954,-20.91242318
6.6945,-22.8,-6.196,391.8607837,21.60600301,14.97600301,-27.21401688,-20.85960943
6.7245,-21.04,-6.064178571,398.182557,21.60678091,14.97678091,-27.08572417,-20.73048357
6.7364,-22.5,-6.075228571,400.6901938,21.60708268,14.97708268,-27.09682785,-20.74166167
6.7493,-22.93,-6.087207143,403.4085563,21.60740557,14.97740557,-27.10886057,-20.75377501
6.7798,-24.52,-6.115528571,371.7473351,21.60335202,14.97335202,-27.13272283,-20.77776776
6.7956,-21.22,-6.1302,336.9322814,21.59801526,14.96801526,-27.14200188,-20.78707401
6.8051,-23.77,-6.139021429,340.6784616,21.59864187,14.96864187,-27.15123353,-20.79636989
6.8133,-21.28,-6.146635714,343.9120066,21.59917177,14.96917177,-27.15919144,-20.8043831
6.8207,-21.35,-6.153507143,346.8300837,21.59964148,14.96964148,-27.16636488,-20.81160634
6.8393,-22.74,-6.170778571,354.1647101,21.60078794,14.97078794,-27.18436285,-20.82972905
6.8584,-21.36,-6.188514286,361.6965039,21.60191682,14.97191682,-27.20279852,-20.84829221
6.8666,-20.5,-6.184669231,364.9300488,21.60238718,14.97238718,-27.19948265,-20.84495763
6.8765,-23.24,-6.176673077,368.8339629,21.60294406,14.97294406,-27.19218586,-20.83761666
6.8898,-22.27,-6.165930769,374.0786151,21.60367389,14.97367389,-27.1823657,-20.82773692
6.9056,-23.42,-6.153169231,380.3091042,21.60451475,14.97451475,-27.17067474,-20.81597486
6.9249,-19.05,-6.137580769,387.9197649,21.60550523,14.97550523,-27.15635914,-20.80157195
6.9383,-19.39,-6.126757692,393.5423518,21.60621237,14.97621237,-27.14643835,-20.79159078
6.9454,-20.76,-6.121023077,396.6651605,21.60659645,14.97659645,-27.14119078,-20.78631134
6.952,-21.11,-6.115692308,399.5680532,21.60694811,14.97694811,-27.13630763,-20.78139849
6.9549,-22.55,-6.11335,400.8435667,21.60710101,14.97710101,-27.13416047,-20.77923826
6.9585,-22.59,-6.110442308,402.4269627,21.60728948,14.97728948,-27.13149375,-20.7765553
6.9666,-23.19,-6.1039,405.9896037,21.60770815,14.97770815,-27.12548851,-20.77051346
6.9749,-22.95,-6.097196154,409.6402112,21.6081296,14.9781296,-27.11932781,-20.76431515
6.9837,-21.98,-6.090088462,413.5107347,21.60856832,14.97856832,-27.11278824,-20.75773562